Geography,Labour force characteristics,Educational attainment (11),Sex,Age group,Jan-00,Feb-00,Mar-00,Apr-00,May-00,Jun-00,Jul-00,Aug-00,Sep-00,Oct-00,Nov-00,Dec-00,Jan-01,Feb-01,Mar-01,Apr-01,May-01,Jun-01,Jul-01,Aug-01,Sep-01,Oct-01,Nov-01,Dec-01,Jan-02,Feb-02,Mar-02,Apr-02,May-02,Jun-02,Jul-02,Aug-02,Sep-02,Oct-02,Nov-02,Dec-02,Jan-03,Feb-03,Mar-03,Apr-03,May-03,Jun-03,Jul-03,Aug-03,Sep-03,Oct-03,Nov-03,Dec-03,Jan-04,Feb-04,Mar-04,Apr-04,May-04,Jun-04,Jul-04,Aug-04,Sep-04,Oct-04,Nov-04,Dec-04,Jan-05,Feb-05,Mar-05,Apr-05,May-05,Jun-05,Jul-05,Aug-05,Sep-05,Oct-05,Nov-05,Dec-05,Jan-06,Feb-06,Mar-06,Apr-06,May-06,Jun-06,Jul-06,Aug-06,Sep-06,Oct-06,Nov-06,Dec-06,Jan-07,Feb-07,Mar-07,Apr-07,May-07,Jun-07,Jul-07,Aug-07,Sep-07,Oct-07,Nov-07,Dec-07,Jan-08,Feb-08,Mar-08,Apr-08,May-08,Jun-08,Jul-08,Aug-08,Sep-08,Oct-08,Nov-08,Dec-08,Jan-09,Feb-09,Mar-09,Apr-09,May-09,Jun-09,Jul-09,Aug-09,Sep-09,Oct-09,Nov-09,Dec-09,Jan-10,Feb-10,Mar-10,Apr-10,May-10,Jun-10,Jul-10,Aug-10,Sep-10,Oct-10,Nov-10,Dec-10,Jan-11,Feb-11,Mar-11,Apr-11,May-11,Jun-11,Jul-11,Aug-11,Sep-11,Oct-11,Nov-11,Dec-11,Jan-12,Feb-12,Mar-12,Apr-12,May-12,Jun-12,Jul-12,Aug-12,Sep-12,Oct-12,Nov-12,Dec-12,Jan-13,Feb-13,Mar-13,Apr-13,May-13,Jun-13,Jul-13,Aug-13,Sep-13,Oct-13,Nov-13,Dec-13,Jan-14,Feb-14,Mar-14,Apr-14,May-14,Jun-14,Jul-14,Aug-14,Sep-14,Oct-14,Nov-14,Dec-14,Jan-15
Newfoundland and Labrador,Employment (3),"Total, all education levels",Both sexes,15 to 24 years,23,22.3,22.3,23.3,26.1,30.6,37.7,34.8,27.3,27.3,26.6,26.1,24.7,23.6,23.7,24.6,29.2,31.8,39.7,37.5,26.4,26.4,26.4,27.4,24.7,25.3,26.5,26.1,26.3,32.3,43.8,39.7,26.8,28.6,30.2,28.9,25.3,26,26.1,25.5,28.7,35.5,42.8,40.3,27.7,26.6,25.9,26.7,25.3,25.5,24.5,24.4,28.4,34.3,44.6,39.5,28.2,27.4,26.8,28.2,26.2,25.4,26.6,25.1,28.6,32.5,40.2,35,26.3,24.8,28.2,26.2,21.7,23.8,23.1,23.3,28.4,30,39.2,36.1,26,26.7,26.9,26.9,24,26.2,24.9,23.5,28.1,31.1,38.3,36.4,26.4,26.5,26.5,26.5,24.9,25.4,25.3,24.9,28.1,33.1,40.2,39.4,27.3,27.8,26.7,26.1,23.8,23,24.8,24.9,27,32.2,37.6,35.7,26.2,25.8,26.4,26.1,24.1,24.6,23.5,24.2,27.2,29.1,37.4,35.4,29.3,28.8,28.9,28,25.9,25.6,25.6,26.3,29.7,30.2,35.9,33.7,27,28.2,28.7,29.5,26.1,26.7,27.7,28.3,30.2,32.6,37.7,35.7,29,31.1,32,32.4,28.4,28.6,27.9,27.1,30,31.6,37.7,36.6,29.1,30.3,27.7,27.7,25.4,27,25.9,25.3,26.5,30.3,36.7,35.4,29.2,29.5,29.9,30.1,28.2
Newfoundland and Labrador,Employment (3),0 to 8  years (12),Both sexes,15 to 24 years,x,x,x,x,x,x,x,x,x,x,x,x,0.6,x,x,x,x,x,0.6,0.6,1,x,x,x,x,x,x,x,x,0.5,0.5,x,x,x,x,x,x,x,x,x,x,x,x,x,x,x,x,0.5,x,x,x,x,0.5,0.6,1,0.6,x,x,0.5,0.5,0.5,x,x,x,x,0.5,x,x,x,x,x,x,x,x,x,x,x,x,0.5,x,x,x,x,x,x,x,x,x,x,x,x,x,x,x,x,x,x,x,x,x,x,0.5,0.6,0.8,x,x,x,x,x,x,x,x,x,x,x,x,x,x,x,x,x,x,x,x,x,x,0.7,0.5,x,x,x,x,x,x,x,x,x,x,x,x,x,x,x,x,x,x,x,x,x,x,0.5,x,x,x,x,x,x,x,x,0.5,x,x,0.6,0.5,x,x,x,x,x,x,x,x,x,x,x,x,x,x,x,x,x
Newfoundland and Labrador,Employment (3),Some high school (13),Both sexes,15 to 24 years,4.8,4.4,3.9,4,4.4,5.8,9,7.2,5.6,5.6,4.6,5.2,4,4.1,4.3,5,5.3,5.1,10,7.9,4.4,4.6,4.1,5.8,5.6,4.7,5.6,6.7,6.9,8.1,13.8,11.1,6.7,6.3,6.2,6.8,6.2,6.7,5.3,5.6,6,6,10.1,9.5,4.6,3.6,3.8,4.3,4.9,4.9,4.6,4.5,5.9,7.1,14,12.4,5.7,4.2,4.9,5.7,5.7,4.9,4.6,4.9,5.8,6.3,9.9,8,5.2,4.6,7.1,7,5.5,6.8,6.9,7.3,6.9,6.5,11.2,10.7,5.9,6.1,6.5,7.2,5,5.1,5.5,6.4,8.2,8,12.5,11.7,5.9,5.2,5.7,5.6,5.5,6,5.7,7,7.6,9.6,12.7,10.9,6,5.4,5.7,6.3,5.8,4.4,4.6,6.2,6.3,6.8,8.6,8.6,5.3,5.2,5.3,5.3,5,4.7,3.1,4.7,5.1,5.7,9.7,9.8,6.6,7,8,6.8,5.9,5.6,5.3,6.1,7.2,6.4,8.2,7.3,5,5.6,7.1,7.6,5.2,6,6.2,6.6,7,8.1,10.5,9,6,6.2,5.8,6.4,5.4,6.1,5.3,5.5,6.7,6.9,9.9,9.3,6,5.4,5.5,6.3,4.5,5.2,5.2,5,5.3,5.1,9,8.2,5.3,5.3,6.1,5.4,5.4
Newfoundland and Labrador,Employment (3),High school graduate (14),Both sexes,15 to 24 years,6,5.3,5.4,5,5.4,6,8.3,8,5.5,6.3,7.1,6.5,5.1,4.8,5.3,5.4,6.9,7.4,8,7.9,6.9,5.9,6.7,6.1,5.4,5.1,4.6,4.6,5.3,6.8,8,7.2,6.1,7.3,7.9,6.5,5,4.9,5.6,4.7,6,7.9,9.5,9.6,6.8,6.4,6.6,6.6,6.1,5.1,5.5,6.4,5.8,8,9.6,10,8.1,7.5,7,6.2,6.4,6.4,6.9,6.5,6.8,6.7,9.1,8.3,7.1,7.3,7.8,7.3,6.3,6.4,6.6,5.3,7.2,8.1,9.4,8.4,7.5,7.1,7.1,6.9,6.4,8.2,7.2,6.6,7,7.1,8.5,8.4,7.4,6.5,6.4,6.1,4.8,5.4,5.4,5.6,5,5.9,8,8.6,6.5,6.2,6.1,5.6,5.1,4.8,4.3,5.1,5.9,7.9,8.3,8.3,6.4,6,5.4,4.9,4.3,4.9,5.4,5.6,6.7,8.1,8.2,8.2,8.5,8.4,7.1,6.6,6.6,6.7,6.8,6.3,7.8,9.1,11.1,10.9,6.7,7.2,5.7,5.9,5.4,6,6.2,6.4,6.1,7,8.5,9,8,8.9,8.6,8.8,7,5.3,5.8,6.5,7,8.5,8.5,8.6,5.4,6.5,5.2,5.7,6,6.2,6.5,6.7,7.6,9.1,10.7,8.9,6.7,7.5,7.4,8.2,7
Newfoundland and Labrador,Employment (3),Some postsecondary (15),Both sexes,15 to 24 years,6.3,6.1,6.4,7.1,7.3,8.5,10.9,10,7.6,7.8,6.4,6.6,6.7,6.1,5.8,5.8,7.6,9.5,11.3,11,5.5,6.6,6.7,6.3,5.9,7,8.5,7,7.5,9.4,12.8,11.4,6.8,6.6,7.9,7.7,6.9,7.2,8.3,8.1,8.6,10.8,12.8,11.9,6.2,6.2,5.9,6.3,6.3,7.3,7.3,7.3,8.9,9.9,11.6,9.4,7.6,8.8,7.1,7.4,5.9,5.8,6.6,5.4,7.5,8.9,11.6,9.2,4.4,4.4,4.7,4.8,4.7,5.7,5.2,6.2,8.4,8.8,11.2,10.3,6,6.7,6.8,6.3,5.5,6.7,5.8,4.9,6.3,9.3,9.8,9.5,5.8,6.4,6.8,7.6,6.5,7.2,7.9,7.2,8.4,10.4,11,10.2,5.9,6.6,6.7,6.9,5.9,6.8,6.9,6.4,7.1,9.5,11.6,10,5.8,6.3,7.3,7.8,7.4,7.6,8.2,7.2,6.8,6.6,9.3,8.6,5.7,4.8,5,5,4.5,4.9,5.7,5.7,5.9,6.4,7.9,6.6,6,5.7,7,7.6,7.3,6.9,6.9,6.6,8.3,7.4,8.9,8.2,3.7,5.6,7.5,7.8,6.9,7.6,7.8,6.2,7.2,7.5,9.9,7.8,5.8,6.4,5.9,4.4,5.1,5.6,5.2,4.6,5.1,6,6.6,8,6.8,6.9,6.9,7.4,7.5
Newfoundland and Labrador,Employment (3),Postsecondary certificate or diploma (16),Both sexes,15 to 24 years,4.6,5.3,5.5,5.8,6.8,7.5,7.2,8,7.3,6.4,7.3,6.8,7.6,7,6.8,6.8,7.3,7.2,8.1,8.2,6.6,7.4,6.7,6.9,5.6,5.8,6,5.6,4.9,6,7.2,8.1,6,7.2,6.7,5.7,5.7,5.3,5.5,5.7,6,7.2,7.4,6.2,6.9,6.5,6.4,6.4,5.1,5.2,5.5,4.5,5.2,6,6.6,5.6,5.3,5.5,5.7,6.4,6,6.3,6.1,5.9,5.8,7.9,7.5,7.7,7.7,6.6,6.4,5.4,3.8,3.5,2.9,2.8,4.3,4.7,5.2,4.8,4.7,4.1,4.3,3.9,5,4.5,4.6,4,4.6,3.9,4.9,4.6,4.8,5.7,5.2,4.8,5.9,5.1,4.5,3.8,5.2,4.6,5.6,6.3,6.6,7.3,5.9,5.1,4.8,5,6.6,5.5,5.4,5.8,6.9,6.5,6.7,5.6,5.1,5.5,5.2,5.4,4.7,4.8,6.4,6.1,6.9,6.3,6.4,6.8,6.6,7.8,7.2,6.9,5.7,6,6.5,6.4,6.8,6.9,7.3,7.8,7.1,6.5,6.5,6.2,6.9,7.3,7,7.1,7,7.2,7.7,6.7,6.9,6.8,6.1,7,6.9,6.2,6.8,6.6,6.5,7.5,9.2,9.1,8.7,8.7,7.5,7.9,7.1,6.6,6.5,7.5,7.3,7.7,8,7.4,6.9,6.4,5.7
Newfoundland and Labrador,Employment (3),University degree (17),Both sexes,15 to 24 years,1.3,1.2,1.1,1.3,1.9,2.4,2.2,1.6,1.2,1,0.9,0.6,0.7,1.2,1.1,1.5,1.7,2.2,1.7,1.9,2.2,1.7,2,2.3,1.9,2.7,1.7,2.1,1.4,1.4,1.5,1.6,1.1,1.2,1.5,2.1,1.4,1.9,1.3,1.5,1.7,3.4,2.9,2.9,2.9,3.6,2.9,2.6,2.9,2.9,1.4,1.5,2.2,2.7,1.8,1.5,1.1,1,1.7,2,1.8,1.7,2.1,1.9,2.2,2.2,1.9,1.5,1.5,1.7,2,1.8,1.2,1.2,1.3,1.8,1.4,1.8,1.8,1.6,1.8,2.7,2.2,2.5,1.8,1.6,1.7,1.2,2,2.8,2.3,2.2,2,2.5,2.3,2.4,2.1,1.8,1.8,1.4,1.7,2.1,2.2,2.5,2.4,2.2,2.1,2.1,2.1,2.1,2.2,1.7,2,2,1.8,2.2,1.8,2.7,3.3,2.6,2.2,2,1.8,1.7,1.9,2.3,2.6,2,1.8,2,2.1,1.8,1.6,1.5,1.8,2,1.9,1.8,1.8,1.9,1.9,1.7,1.9,1.5,1.6,1.5,1.5,1.4,1.7,2.6,2.3,2.2,3.5,3.6,3.2,2.6,3,2.5,2.1,2.2,1.9,1.7,2.3,2.8,2.4,2.6,2.3,2.7,2.2,2.1,1.9,2.2,1.9,2.4,2.8,2.4,2.5,2.2,2.6,2.7,2.7
Newfoundland and Labrador,Employment (3),Bachelor's degree,Both sexes,15 to 24 years,1.1,1.1,1.1,0.9,1.7,2,1.7,1.1,1,0.9,0.8,0.6,0.7,1.2,1.1,1.5,1.6,2.1,1.6,1.8,2,1.5,1.7,2,1.7,2.5,1.7,2.1,1.3,1.4,1.5,1.6,1.1,1.2,1.5,2.1,1.3,1.7,1.2,1.1,1.3,3.1,2.7,2.7,2.7,3.6,2.7,2.6,2.9,2.8,1.3,1.5,2.1,2.6,1.8,1.5,1,1,1.5,2,1.6,1.5,1.9,1.7,2.2,2.2,1.8,1.5,1.5,1.6,1.7,1.4,1,1.1,1.1,1.6,1.4,1.8,1.8,1.5,1.8,2.4,2.1,2.4,1.6,1.4,1.5,1.1,1.9,2.6,2.3,2.2,2,2.3,2.1,2.2,2.1,1.8,1.8,1.4,1.7,1.9,2.1,2.4,2.2,2,2.1,2.1,2.1,2.1,2.1,1.5,1.9,1.8,1.6,2,1.7,2.4,3,2.5,2.1,1.9,1.7,1.7,1.9,2.3,2.6,2,1.6,1.8,1.8,1.8,1.4,1.5,1.7,2,1.9,1.7,1.8,1.9,1.9,1.7,1.9,1.5,1.6,1.5,1.5,1.4,1.6,2.4,2.1,2.1,3.3,3.3,3.1,2.5,3,2.5,2.1,2.2,1.9,1.7,2.3,2.8,2.4,2.6,2.2,2.6,2.2,2,1.8,2.1,1.9,2.2,2.3,2.1,2.3,2.2,2.6,2.7,2.7
Newfoundland and Labrador,Employment (3),Above bachelor's degree,Both sexes,15 to 24 years,x,x,x,x,x,x,0.5,x,x,x,x,x,x,x,x,x,x,x,x,x,x,x,x,x,x,x,x,x,x,x,x,x,x,x,x,x,x,x,x,x,x,x,x,x,x,x,x,x,x,x,x,x,x,x,x,x,x,x,x,x,x,x,x,x,x,x,x,x,x,x,x,x,x,x,x,x,x,x,x,x,x,x,x,x,x,x,x,x,x,x,x,x,x,x,x,x,x,x,x,x,x,x,x,x,x,x,x,x,x,x,x,x,x,x,x,x,x,x,x,x,x,x,x,x,x,x,x,x,x,x,x,x,x,x,x,x,x,x,x,x,x,x,x,x,x,x,x,x,x,x,x,x,x,x,x,x,x,x,x,x,x,x,x,x,x,x,x,x,x,x,x,x,x,x,0.5,x,x,x,x,x,x
Prince Edward Island,Employment (3),"Total, all education levels",Both sexes,15 to 24 years,9.5,9.9,10.2,10.2,12.3,13.1,14.3,14.3,11.1,10.2,9.1,9,8.5,8.8,8.8,8.7,11.6,13,15.4,14.4,10.8,10.5,9.7,9.6,9,9.5,9.2,9.8,12.2,13.5,15.4,15.2,11.4,11.1,10.4,10.7,9.6,9.8,9.5,9.8,12.1,14.4,16,16.1,11.2,10.7,10.2,9.7,8.7,8.9,9.2,8.6,11.3,12.1,14.1,14.5,11,10.7,10.3,9.9,8.9,8.7,9,8.9,11.3,12.8,15.1,15.1,11.4,10.4,10.4,10,9.3,9.9,9.6,9.9,12.5,13.4,14.8,14.8,11.3,10.5,10.4,9.9,10,10.1,10.3,10.2,11.7,13.2,14.8,14.8,11.2,11.2,10.1,9.8,9.3,9.1,10,10,11.9,13.2,14.2,14.7,11,10.4,10.2,9.3,8,9,9.1,8.9,11,12.9,13.9,13.9,10.6,10.1,9.7,9.3,9.1,9.4,9.5,9.6,11.3,12.3,14,14,10.4,10.5,10.1,9.2,9.5,10.2,10,9.8,12,13,14.6,14.4,12.2,10.9,10.4,10.8,9.5,9.4,9.7,9.5,11.7,12.6,14.3,13.9,10,9.5,9.8,10,9.3,9.8,10,9.7,11.5,12.5,14.5,13.9,9.9,10.3,9.7,9.9,9.5,9.5,9.4,9.3,11.4,13.6,14,14.2,10.5,10,9.5,9.2,8.7
Prince Edward Island,Employment (3),0 to 8  years (12),Both sexes,15 to 24 years,x,x,x,0.2,x,0.3,0.4,0.4,0.2,x,x,x,x,x,x,x,0.2,0.2,0.3,0.3,0.3,0.2,x,0.2,x,x,x,0.2,0.3,0.3,0.4,0.3,0.2,0.2,x,x,x,x,x,0.2,0.2,0.4,0.5,0.4,x,x,x,x,x,x,x,x,x,0.2,0.3,0.3,0.2,0.3,x,0.2,0.2,x,x,x,0.2,0.3,0.4,0.5,0.3,x,x,x,x,x,x,0.2,0.2,0.2,0.3,0.3,0.2,x,0.2,0.2,0.2,0.3,0.2,0.2,0.2,x,0.4,0.3,x,x,x,x,x,x,x,x,0.3,0.3,0.4,0.2,x,x,x,x,x,x,x,x,x,x,0.2,0.2,x,x,x,x,x,x,x,x,0.2,0.3,0.3,0.4,0.2,x,x,x,x,x,x,x,x,x,0.2,x,x,x,x,x,x,x,x,x,0.2,0.2,0.2,0.4,0.2,x,x,x,x,x,x,x,x,x,0.3,0.2,x,x,x,x,x,x,x,x,x,0.2,0.3,x,x,x,x,x,x
Prince Edward Island,Employment (3),Some high school (13),Both sexes,15 to 24 years,2.9,3.1,3.2,3,3.7,3.9,4.9,5.3,3.3,3.3,3,2.7,2.3,2.4,2.7,2.9,3.6,4.2,5.5,4.9,3.1,3.1,2.5,2.8,2.5,2.5,2.3,3,3.2,3.5,5.3,5.3,3.3,3.3,3.4,3.5,3,3.1,3.3,3.3,3.9,4.5,5.7,5.7,3.2,3.1,2.8,2.9,2.2,2,2.4,2.4,3.1,3.1,4.8,4.9,3.6,3.5,3.4,3.3,3,3.2,2.8,3,3.7,4,5,4.5,2.9,2.2,2.8,2.5,2.6,3.2,3.1,3.3,4,3.8,4.9,4.7,2.9,2.9,3,3.1,3.1,3.1,3.3,3.4,3.9,4.3,5.5,5.2,3.7,3.5,2.8,2.8,2.8,2.6,2.7,2.9,3.2,3.7,4.1,4.9,3.2,3.1,2.4,2.2,1.8,2.5,2.9,2.6,3.4,3.8,4,4.3,2.9,2.6,2.6,2.2,2.6,2.6,2.7,2.6,3.2,2.9,4.2,4.3,2.9,2.4,2.3,2.1,1.9,2.2,2.1,2.2,3.1,3.4,4.6,4.5,3.4,3.3,3,3.4,2.9,2.8,3.2,3,3.9,3.1,3.9,3.3,2.5,2,2,2.5,2.8,2.5,2.5,2.8,2.9,3.1,4.1,3.9,3,3.2,2.4,2.2,2.5,2.1,2.2,2.4,2.9,3.2,3.4,3.6,2.1,1.7,1.8,2.1,2.3
Prince Edward Island,Employment (3),High school graduate (14),Both sexes,15 to 24 years,2.6,2.3,2.6,2.9,3.4,3.3,3.3,3.3,3.3,2.9,2.6,2.4,2.1,2.3,2.1,2.2,2.8,3.2,3.6,3.6,2.9,2.7,2.7,2.3,2.5,2.9,3.1,3,3.9,4.2,3.8,4.3,2.9,2.8,2.7,2.8,2.4,2.1,2.1,2.6,2.4,3.1,3.2,3.3,2.7,2.7,2.7,2.7,2.7,2.9,2.8,3,4,3.6,3.2,3.6,3.4,3.1,3.2,2.8,2.7,2.2,2.6,2.2,2.7,3.3,3.6,3.9,3.2,3.5,3.2,3,2.7,2.1,2,2.3,3.1,3.7,3.5,3.9,3.1,3.2,2.6,2.1,2.5,2.9,2.8,2.7,3.1,3.5,4,4.2,3.2,3.2,2.8,2.4,2.4,2.3,2.5,2.7,3.7,4,4.5,4.6,3.5,3.3,3.7,3.1,2.8,2.7,2.2,1.7,2.3,3.3,3.8,3.5,3.1,2.9,2.8,2.4,2,2.5,2.1,2.5,2.7,3.5,3.6,3.7,3.3,3.5,3,2.6,3,3.2,3.4,3.2,3.7,3.9,3.7,3.7,3.7,3.3,3.5,3.1,3.2,2.7,2.4,2.4,2.6,3.2,4.1,4.4,3,2.7,2.7,2.6,2.6,2.4,2.7,2.6,3.2,3.3,3.5,3.7,2,2.5,3,3.1,2.7,2.7,2.7,2.8,3,3.8,4.4,4.7,3.7,3.9,3.7,3,2.4
Prince Edward Island,Employment (3),Some postsecondary (15),Both sexes,15 to 24 years,1.4,1.8,1.9,1.7,2.6,2.7,2.8,2.7,1.7,1.7,1.4,1.6,1.6,1.7,1.6,1.5,2.1,2.2,2.6,2.3,1.4,1.4,1.6,1.6,1.5,1.6,1.5,1.4,2,2.4,2.7,2.2,2.1,1.9,1.8,1.9,1.9,2,1.6,1.5,2.3,3.5,3.5,3.4,2.6,2.4,2.5,2.1,1.7,1.7,1.4,1,2,2.4,2.4,2.2,1,1.1,1.2,1.6,1.4,1.4,1.5,1.3,2,2.4,2.7,2.6,1.9,1.8,1.8,2,1.8,1.7,1.6,1.4,2.1,2.7,3.2,3.1,2.3,1.9,2.2,1.9,2,1.8,1.9,1.7,2.5,2.6,2.5,2.3,1.5,1.9,1.9,2.3,2.1,2.3,2.2,1.9,2.3,2.5,2.4,2.2,1.9,1.8,2.1,2.4,2,2.2,2,2.3,3,3.2,3.2,3,1.7,1.7,1.7,2.4,1.8,2.1,2.2,2.2,3,2.9,3,2.7,1.6,2.1,2,2.1,2.2,2.3,1.9,2.2,2.6,3,2.9,3,2.4,1.7,1.6,1.7,1.7,2.1,2.2,1.9,2.4,2.5,2.7,2.6,1.2,1.4,1.8,1.6,1.2,1.9,2,1.8,2.3,2.5,2.8,2.8,1.9,1.8,1.5,1.8,1.9,1.9,1.8,1.5,2.2,2.6,2.5,2.1,1.4,1.6,1.2,1.5,1.7
Prince Edward Island,Employment (3),Postsecondary certificate or diploma (16),Both sexes,15 to 24 years,2.1,2,2,2.1,2,2.3,2,2.1,2,1.8,1.6,1.9,2.2,2,1.9,1.6,2.1,2.4,2.3,2.3,2.4,2.5,2.5,2.4,1.9,1.9,1.7,1.6,1.7,2.3,2.2,2.6,2.5,2.4,2.2,2.1,1.9,2.1,2,1.8,2.5,2.1,2.2,2.3,1.8,1.6,1.6,1.4,1.6,1.7,1.9,1.6,1.7,1.9,2.2,2.4,2.3,2.2,1.9,1.4,1.2,1.3,1.5,1.9,2.1,2,2.5,2.4,2.3,2,1.7,1.5,1.4,1.9,1.9,1.9,2,2,1.9,1.9,2,1.7,1.9,2.1,1.8,1.6,1.7,1.6,1.5,1.8,1.6,1.9,1.9,2,1.8,1.7,1.6,1.5,1.6,1.5,1.5,1.8,1.8,1.8,1.6,1.3,1.3,0.9,0.8,0.9,1,1.6,1.4,1.7,1.8,2.2,1.8,1.8,1.8,1.5,1.9,1.4,1.8,1.8,1.7,2,2,2.4,1.8,1.6,1.8,1.7,1.4,1.5,1.6,1.5,1.6,1.9,2.1,2.3,2,2,1.8,1.8,1.2,1.1,1.3,1.6,1.7,2.3,2,2.1,1.9,2.2,2.2,2.2,1.8,2.2,2.1,1.9,2.3,2.6,3.1,2.6,2.2,2.1,2.2,2.1,1.8,1.8,1.8,1.5,1.9,2.5,2.2,2.6,2.5,2.1,1.8,1.4,1.3
Prince Edward Island,Employment (3),University degree (17),Both sexes,15 to 24 years,0.5,0.5,0.5,0.3,0.4,0.7,0.8,0.6,0.5,0.4,0.5,0.4,0.3,0.4,0.4,0.4,0.8,0.8,1,1,0.8,0.6,0.3,0.3,0.4,0.5,0.5,0.7,1,0.9,0.9,0.6,0.4,0.4,0.2,0.3,0.3,0.4,0.4,0.5,0.8,0.9,0.9,1.1,0.8,0.7,0.5,0.5,0.5,0.6,0.8,0.6,0.5,0.9,1.1,1.1,0.5,0.5,0.4,0.6,0.5,0.6,0.5,0.5,0.6,0.8,0.9,1.2,0.8,0.9,0.9,0.8,0.8,0.8,0.8,0.8,1.1,1,1.1,0.9,0.8,0.7,0.6,0.6,0.4,0.4,0.4,0.5,0.6,0.8,0.9,0.8,0.7,0.5,0.6,0.6,0.4,0.4,0.7,0.9,1,1,1,1,0.7,0.8,0.8,0.6,0.5,0.7,0.9,0.8,0.9,0.8,0.9,0.8,1,0.9,0.8,0.6,0.7,0.6,0.6,0.4,0.6,0.7,0.9,0.6,0.6,0.7,0.7,0.8,1,1,0.9,0.6,0.9,0.8,1.1,0.9,0.7,0.6,0.5,0.8,0.6,0.6,0.6,0.5,0.9,1.2,1.4,1.2,1.1,1,1.1,1.1,0.9,0.8,0.6,0.5,0.7,0.8,0.7,0.7,0.8,0.7,0.6,0.6,0.6,0.9,0.8,1,1.3,1.3,1.2,1,0.8,0.7,0.9,1.2,1.1
Prince Edward Island,Employment (3),Bachelor's degree,Both sexes,15 to 24 years,0.3,0.4,0.4,0.3,0.4,0.5,0.7,0.5,0.4,0.3,0.4,0.3,0.3,0.4,0.4,0.4,0.7,0.7,0.8,0.8,0.7,0.5,0.3,0.3,0.4,0.5,0.5,0.7,1,0.9,0.9,0.6,0.3,0.3,x,0.2,0.3,0.4,0.4,0.4,0.7,0.8,0.8,0.8,0.7,0.7,0.5,0.5,0.5,0.6,0.7,0.5,0.4,0.8,1,0.9,0.5,0.4,0.3,0.5,0.4,0.6,0.5,0.5,0.5,0.8,0.7,1.1,0.8,0.9,0.9,0.8,0.8,0.8,0.8,0.8,1.1,1,1.1,0.9,0.8,0.6,0.6,0.6,0.4,0.4,0.4,0.5,0.6,0.7,0.8,0.7,0.7,0.5,0.6,0.6,0.4,0.4,0.7,0.8,0.9,1,0.9,0.9,0.7,0.8,0.7,0.6,0.5,0.7,0.8,0.7,0.8,0.8,0.8,0.8,0.9,0.8,0.8,0.6,0.7,0.6,0.6,0.4,0.6,0.7,0.9,0.5,0.4,0.5,0.6,0.5,0.7,0.8,0.8,0.5,0.8,0.8,1,0.9,0.6,0.6,0.5,0.6,0.6,0.6,0.6,0.5,0.9,1.2,1.4,1.2,1.1,1,1,1,0.8,0.7,0.5,0.5,0.7,0.8,0.7,0.7,0.7,0.6,0.6,0.5,0.5,0.7,0.8,0.9,1.2,1.2,1.1,1,0.8,0.7,0.9,1.1,1.1
Prince Edward Island,Employment (3),Above bachelor's degree,Both sexes,15 to 24 years,x,x,x,x,x,0.2,x,x,x,x,x,x,x,x,x,x,x,x,0.2,x,x,x,x,x,x,x,x,x,x,x,x,x,x,x,x,x,x,x,x,x,x,x,x,0.3,x,x,x,x,x,x,x,x,x,x,0.2,0.2,x,x,x,x,x,x,x,x,x,x,0.2,x,x,x,x,x,x,x,x,x,x,x,x,x,x,x,x,x,x,x,x,x,x,x,x,x,x,x,x,x,x,x,x,x,x,x,x,x,x,x,x,x,x,x,x,x,x,x,x,x,x,x,x,x,x,x,x,x,x,x,x,x,0.2,0.2,0.2,0.3,0.3,x,x,x,x,x,x,x,x,x,x,x,x,x,x,x,x,x,x,x,x,x,x,0.2,x,x,x,x,x,x,x,x,x,0.2,x,x,x,0.2,x,x,0.2,x,x,x,x,x,x,x,x
Nova Scotia,Employment (3),"Total, all education levels",Both sexes,15 to 24 years,56.9,57.3,59.2,57.2,63.3,68,77.7,78.2,60.7,60,60.8,63.7,56.9,58.3,57.4,58.2,64,68.1,79.4,80,61.6,63.6,63.1,60.6,55.8,54.3,56.5,59,64.9,71.2,77.3,81.8,62.4,63.9,63,64.6,63.4,64.8,65.9,65.6,68.5,75,83,79.9,66.8,64.2,67.8,67.5,62.7,61.4,64,62.8,69.6,76.8,86.1,83.8,67.2,68.5,67.8,67.7,60.3,62.8,63.6,63.4,72.6,74.4,82.5,82.4,64,66.3,67.2,67.6,64.4,64.1,67.3,64.7,72.1,75.9,81.5,83.5,65.7,65.6,65.5,67.7,63.4,62.6,64.1,65.5,70,73.8,84.7,83.1,67.5,70.3,68,68,63,62.6,63.1,65.6,73.5,78.3,85,83.5,66.8,67.5,65.6,65.6,59.5,58.9,59.1,60,66.3,71.2,76.8,76.4,63,65.4,67.1,66.1,60.8,58.9,60.6,63.3,67.8,71.2,77,75.9,64.2,65.4,63.8,63.9,61,61.4,58.4,59.9,66.7,71.6,75.7,74.5,61.2,58.9,60.1,61.3,57.4,56.7,55.9,57.1,65.3,67.2,73.5,73.6,62.8,61.7,61.1,60.2,55.2,55.6,56.3,53.8,61.2,65.5,75.2,73.8,61.2,61.4,57.3,57.5,55,54.3,53,53.5,62.7,66.4,70,69.9,59.9,61.2,60.9,60.8,59
Nova Scotia,Employment (3),0 to 8  years (12),Both sexes,15 to 24 years,0.5,0.7,0.7,0.6,1,1.3,1.1,1.1,x,0.7,0.9,0.9,0.8,1.4,1.7,1.5,1.2,1.2,1.6,1.1,1,1.6,1.4,0.9,1.1,1,1.4,0.8,1.3,1.6,2.3,2.3,1.2,0.8,1,1,0.8,1.1,0.6,0.7,0.8,1.1,1.1,1,0.7,x,0.9,0.7,1.1,0.8,1.4,2.1,2,2,1.9,2.1,0.9,1.1,0.6,0.7,0.7,1,1.5,2,1.9,1.5,1.1,1,x,x,x,x,x,x,0.8,1,1.1,1.9,2,2.3,1.2,x,0.6,0.6,1,0.8,0.9,0.8,0.9,0.9,1.9,1.9,x,0.5,0.5,0.6,0.5,0.5,x,x,0.6,1,1.4,0.9,x,0.7,x,x,0.5,0.9,0.8,1,0.9,0.5,1.5,1.2,0.8,0.5,x,x,0.5,x,0.6,0.9,0.9,0.9,1.3,1.3,1.1,1.2,0.9,1,0.9,0.9,0.7,1,1,1.4,1.1,1.1,0.7,x,x,x,x,1.2,1.1,0.7,1.3,1.2,1.2,0.9,1,0.6,0.6,x,x,x,x,0.5,0.7,0.6,0.8,0.9,0.9,0.9,1.1,1,0.6,x,x,x,x,0.8,0.9,1,x,x,x,0.6,1
Nova Scotia,Employment (3),Some high school (13),Both sexes,15 to 24 years,16.4,16.4,15.8,15.9,17.6,18.3,23.7,24.1,16.6,14.6,14.4,16.5,14.6,14.9,16.3,16.5,18.1,18.5,24.2,25.6,17.8,18.1,17.7,15.8,15.9,16,17,18.1,19.8,18.9,24.1,25.6,19.7,18.5,17.9,17.6,17.4,17.9,16.9,17.2,17.6,18.1,25.1,22.9,19.3,18.6,19.8,20.1,18.2,17.3,17.6,17.5,19.9,20.6,23.2,21.9,17.3,19.7,19.1,18.9,16,17.3,16.8,17.9,18.2,16.6,20.9,20.8,17.8,17.7,16.6,18.4,17,17.4,19.9,18.9,20.5,19.3,21.3,21.5,17.2,16.7,15.5,19.1,17.7,16.7,16.7,19,20.3,20.8,26,24,18.3,19.6,17.5,18.2,19.3,17.8,19.1,20.2,22.9,24.4,26.9,24.4,20.3,19.3,16.2,16.4,15.5,15.6,16,17.9,18.3,18,20.6,20.4,15,18.8,18.8,19.4,17.6,18.4,18.2,18.9,18.6,16.9,18.2,17.7,14.3,14.8,13.3,14.2,15.9,14.9,14.9,15.8,17.1,16.5,16.3,15.6,13.7,14.4,15.5,16.3,15.3,15.3,15.8,13.9,16.6,17.7,19,16.7,14.1,13.1,11.7,12.6,10.4,11.4,11.9,10.7,11.7,13.9,16.5,16.4,13.9,11.3,10.5,12.1,11.4,12,12.6,13.4,13.6,13,14.9,14.1,11.3,10.9,12.5,11.8,11.4
Nova Scotia,Employment (3),High school graduate (14),Both sexes,15 to 24 years,11.8,10.1,10.8,11,10.8,12.7,15.9,18.1,17.7,16.9,16.9,17.1,14,12.8,10.4,10.2,10.7,11.1,11.1,13.4,9.4,11.9,13.1,14.7,12,11.9,11.7,11.9,13.2,13.9,16.2,16.9,13.4,15.8,16.9,14.9,14.1,13.6,12.7,12.1,12.4,16,16,17.2,14.4,15.1,16.3,14,11.9,11.6,12.9,13.4,14.5,18.7,22.4,22.1,19.7,18.4,17,17.1,14.3,13.7,13.5,15.6,17.7,18.4,23.6,25,19.2,18.1,19.4,18.8,16.6,16.9,17.3,16.6,18.5,19.5,22,21.3,16.9,16.4,16.3,15.9,15.7,16.8,17.2,18.3,16.2,16,17.8,19,16.9,17,17.4,18.7,16.9,16.2,15,15.8,16.8,14.9,17.7,20.9,17.7,17.4,15,16.2,14.4,12.4,14.4,15.6,18.4,20.1,21.6,23.9,21.4,19.3,18.2,16.5,14.3,13.2,14.6,16.6,16.4,18.6,20.7,20.3,15.8,16.9,16.7,17.7,16.2,16.9,13.7,14.8,16.6,17.4,21.1,21.8,16.5,16.1,17.6,15.5,12.4,10.1,10.5,11.4,14.9,16.3,19.7,20.7,19,19.7,18.8,17.2,16.4,15.7,14.8,13.9,14.1,14.3,18,18.7,16.1,16.3,14.9,14.4,14.8,15.8,16.4,15.3,18.3,19.4,19.3,19.4,16.2,17.1,16.3,15.8,14.8
Nova Scotia,Employment (3),Some postsecondary (15),Both sexes,15 to 24 years,12.5,14.5,16.5,13.7,16.6,17.5,18.1,14.7,11.8,11,10.1,11.4,12.2,13.5,12.7,12.7,15.4,16.9,19.6,16.2,13.5,14.1,14.7,14.4,13.1,12.9,11.6,13.1,13.2,16.3,16.7,18.6,11.4,11.4,10.9,13.6,14.8,16.5,18.4,16.8,20.6,21,20,18.2,12.6,12.6,13.1,11.8,12.6,12.8,10.9,9.7,12.2,13.8,16.4,15.6,10.2,12,11.9,12.4,12.6,12.2,12.2,11.3,14.9,16.6,15.7,14.9,10.4,11.2,12.8,12.8,13.7,13.2,14.3,14.1,15.9,16.8,17.4,18.7,12,13.1,14.2,14.9,15.3,15.7,16.3,14.5,19,20.5,19.7,19.4,15.6,15.5,15.7,14.7,12.5,13.8,15.3,16.2,17.8,21,21.1,20.1,11.8,11.1,12.7,13,12.3,12.3,12,10.5,12.9,15.1,14.9,12.8,9.1,10.4,12.3,12.3,11.5,12.6,12.6,13.1,14.7,15.7,16.2,14.8,14.4,14.4,14.9,14.2,12.2,13.5,13.7,12.3,15.3,14.8,15.1,13.3,11,9.5,9.3,10.5,11,12.1,11.5,13.1,14.9,14.3,13.6,13.7,9,9.4,10.6,11,11.9,11.7,12.7,11.7,16.4,17.6,16.7,15,12.5,12.9,13.4,13.9,11.9,11.3,8.9,8.9,14,14.6,14.6,15.8,13.3,13,11.9,11.4,11.5
Nova Scotia,Employment (3),Postsecondary certificate or diploma (16),Both sexes,15 to 24 years,11.8,12.2,12.2,12,11.4,11.3,12.7,12.3,9.8,12.5,14.1,12.7,11.2,10.7,11,12.7,12.9,14.5,15.8,17,14.8,13.9,12.4,10.7,10,9.9,11.1,10.7,12.2,14,13,12.1,10.7,12,10.5,10.7,8.9,9,11.2,13.1,12.1,15.1,16.6,16.3,14.8,12.6,13.2,15.3,13.7,13.6,15.5,15.5,16.3,16,16,16.4,14.6,13.2,13.6,12.3,11.7,13.5,14.1,12.2,13.9,15,15.2,15.1,11.7,12.7,13.1,12.2,12.1,11.7,10.3,9.5,10.7,11.1,11.6,12.4,12.1,11.6,11.9,11.7,9.4,7.9,8.6,8.3,9.1,10.4,13.7,13.7,12.2,12.6,11.8,11.8,10.1,9.7,9.4,8.6,10.9,11.2,11.1,11,10.6,12.2,15.2,13.5,10.9,10.8,10.4,10.6,10.4,11.6,12.8,12.2,12.6,10.7,11.9,11.3,11.9,10.3,10.9,10.1,12.2,13.5,13.6,14.2,13.7,12.3,12.9,12.3,11.9,11,10.9,11.5,11.6,14.3,14.5,14.5,12.4,11.5,12.1,12.4,11.6,10.7,10.1,10.2,8.3,9,9.1,12.9,13.1,13.1,13.6,14.1,12.9,12.6,12.6,12.5,12.2,12,15.3,15.4,12.5,13.3,11.6,10.4,10.3,9,9.2,10.6,11.8,12.7,14,14,13,12.6,12,12.5,11.5
Nova Scotia,Employment (3),University degree (17),Both sexes,15 to 24 years,3.9,3.5,3.2,4,6,6.9,6.1,7.7,4.4,4.3,4.3,5.1,4.2,5.1,5.4,4.6,5.6,6.1,7.1,6.7,5.1,4.1,3.8,4.1,3.6,2.5,3.7,4.4,5.2,6.5,5.1,6.3,5.9,5.3,5.7,6.8,7.3,6.7,6,5.7,5,3.8,4.2,4.3,4.9,5,4.6,5.6,5.2,5.3,5.8,4.6,4.5,5.7,6.2,5.8,4.6,4.1,5.4,6.2,5,5.1,5.5,4.4,6,6.4,6.1,5.7,4.6,6.4,5.3,5.1,4.7,4.5,4.7,4.6,5.4,7.2,7.3,7.4,6.3,7.5,6.9,5.6,4.4,4.7,4.4,4.5,4.5,5.2,5.7,5.2,4,5.1,5.1,4.2,3.6,4.6,4.1,4.3,4.5,5.8,6.9,6.3,6,6.8,6.2,6.2,6,7,5.5,4.3,5.3,6,5.4,5.9,4.1,5.7,5.8,6.3,5.1,3.9,3.8,3.7,5,5.6,7.1,7.6,5,6,5.2,4.6,4,4.3,4.6,4.5,5.2,7.1,7.6,8.1,6.9,7,5.2,6.2,6.8,7.3,7,7.7,9.3,8.6,10.8,8.8,6.5,5.9,5.8,5.3,3.4,4.1,4.1,4.6,6.1,7.2,7.8,7.4,5.3,6.9,5.9,5.7,6,6.1,6,5,4.7,5.9,6.3,5.5,5.7,7.2,8,8.7,8.9
Nova Scotia,Employment (3),Bachelor's degree,Both sexes,15 to 24 years,3.2,2.3,2,3.3,4.9,5.9,5.4,7.1,4,3.8,3.9,4.6,4,4.8,5.2,4.6,5.5,5.8,6.7,6.4,5,3.8,3.7,4,3.3,2.2,3.4,4,4.6,5.4,4,5.2,5.1,4.5,5.1,5.9,6.3,5.6,5.5,5.5,5,3.8,4.2,4.3,4.7,4.6,4.2,4.8,4.6,4.5,5.3,4.4,4.1,5.1,5.3,5.2,3.9,3.3,4.8,5.2,4.5,4.6,5,3.8,5.2,5.3,5.1,4.5,3.9,5.4,4.9,4.7,4.5,4.4,4.6,4.2,4.7,6.7,7,7.1,5.9,7.2,6.4,5.1,4.3,4.7,4.4,4.4,4.3,5,5.5,5,4,5,5.1,4.2,3.4,4.3,3.7,3.8,4.1,5.4,6,5.7,5.7,6.2,6,6,5.7,6.2,4.7,3.8,4.6,5.3,5,5.8,4.1,5,5,5.8,4.3,3.3,3.3,3.4,4.7,5.3,6.5,7,4.6,5.3,4.4,4,3.3,3.6,3.8,4.1,4.9,6.4,6.6,7.3,6.1,6.2,4.6,5.8,6.3,6.9,6,6.5,8,7,9.1,7.8,5.5,4.9,4.9,4.4,2.8,3.4,3.7,4.3,5.8,6.6,6.8,6.6,4.4,6.8,5.9,5.7,6,6.1,5.9,4.3,4,5,5.1,4.3,5.1,5.6,6.5,7.7,7.8
Nova Scotia,Employment (3),Above bachelor's degree,Both sexes,15 to 24 years,0.7,1.2,1.2,0.8,1,0.9,0.8,0.6,x,0.5,x,x,x,x,x,x,x,x,x,x,x,x,x,x,x,x,x,x,0.5,1.2,1,1.1,0.8,0.8,0.7,0.8,0.9,1.1,0.5,x,x,x,x,x,x,x,x,0.8,0.6,0.8,0.5,x,x,0.6,0.9,0.6,0.7,0.7,0.6,1,0.6,0.5,0.5,0.6,0.7,1,1,1.2,0.8,1.1,x,x,x,x,x,x,0.7,0.5,x,x,0.5,x,x,0.5,x,x,x,x,x,x,x,x,x,x,x,x,x,x,0.5,x,x,x,0.8,0.6,x,0.5,x,x,x,0.8,0.7,0.6,0.7,0.7,0.5,x,x,0.6,0.8,0.5,0.8,0.7,0.5,x,x,x,0.5,0.5,x,0.6,0.8,0.6,0.6,0.7,0.8,x,x,0.7,1,0.9,0.8,0.8,0.6,x,0.5,x,1,1.3,1.3,1.6,1.7,1,1,0.9,0.9,0.9,0.6,0.7,x,x,x,0.6,1,0.8,0.8,x,x,x,x,x,x,0.7,0.7,1,1.2,1.2,0.7,1.6,1.5,1,1
New Brunswick,Employment (3),"Total, all education levels",Both sexes,15 to 24 years,45.3,45.2,44.7,46.3,51,56.4,65.7,67.7,53,51,50.2,49.2,45.7,45.2,45.1,48,53.9,59.1,69.4,68.9,51.5,52.9,50,47.6,47.3,46.9,48.6,49.5,57,61,69,68.9,55.3,54,52.1,51.9,48.5,49.3,47.5,47.4,49.7,58.5,67.7,62.4,50.8,50.8,53,51,47.3,46.9,47.6,45.9,55.1,63,69.2,66.1,53.1,50.9,50.2,51.2,46.5,46.1,46.9,47.9,55.4,56.5,67.5,66.2,51.2,49.4,51.4,51.7,49.4,49.5,49.1,50.7,57.3,60.4,68,63.6,49,48.5,47.2,49.2,46.3,47.6,47.6,49,55.5,62.5,69,66.7,51.4,50.2,51.8,50.1,47.1,47.5,46.8,47.5,55.4,60,66.1,68,53.9,52.1,53.1,52,50.1,49.2,48.3,47.4,53.9,59.3,60.9,61.6,46.7,48.4,48.2,45.7,42.6,44.2,43.3,44,49.1,53.8,60.1,60.3,44.7,44.6,44.9,44.3,43.2,44.2,43.9,43.9,49.8,51.6,58.6,59.2,45.7,45.2,45.2,43.9,43.1,43.7,41.2,43.6,50.2,53.6,58,56.5,42.6,40.3,40.6,40.8,39.4,40.2,38.7,41.2,48.1,48.3,54,54.6,46,43.6,43.6,46,41.8,44.7,43.6,40.4,46.3,53.4,56.2,54.9,42,41.5,41.6,41.2,40.4
New Brunswick,Employment (3),0 to 8  years (12),Both sexes,15 to 24 years,0.5,0.5,0.7,0.5,1.4,1.5,1.1,1.4,1,1.1,x,x,x,x,x,0.6,0.8,1.1,1.7,1.1,1.4,1,0.9,0.5,0.5,0.8,0.9,1.1,0.9,1.4,1.9,1.6,1.2,0.6,x,x,0.6,0.8,0.9,0.8,1,1.6,1.2,0.7,x,0.5,x,x,x,0.7,0.5,0.7,1.2,1.5,1.8,1.6,1.1,0.6,x,x,x,x,0.7,x,1.1,1.1,1.5,1.6,1.1,0.9,0.6,0.5,x,x,x,0.7,0.7,0.8,1.5,1,1,0.5,x,x,x,x,x,0.5,1,1,1.2,1.2,1,0.7,x,0.5,0.5,x,x,x,0.8,0.8,0.9,1,0.7,0.6,x,0.5,0.7,0.6,0.6,x,0.7,0.8,0.6,0.9,0.6,x,x,x,x,0.5,0.5,0.5,x,0.6,0.7,0.9,0.5,x,x,x,x,x,x,0.5,0.5,0.7,0.5,0.8,x,x,x,x,x,x,x,0.6,0.6,0.9,1.5,1.2,0.6,x,x,x,x,x,x,x,x,x,0.6,x,0.6,x,x,x,x,x,x,x,0.5,0.5,0.7,x,x,x,x,x,x
New Brunswick,Employment (3),Some high school (13),Both sexes,15 to 24 years,13.1,13.7,13.3,15.3,14.9,15.2,19.2,18.5,15.1,14.9,14.4,14.1,11.5,12.1,12.3,13.9,13.9,14.1,20.3,18.3,13.1,14.2,15.5,13.6,13.3,14.3,13.5,14.9,16.4,16.8,19.9,19.3,14.5,13.8,14.6,13.6,13.1,14,13.7,12.9,13.3,14.7,18.8,16.1,13.5,12.8,13.5,13.5,13.8,11.7,11.9,11.1,14.9,16,18.1,19.8,14.5,14.4,13.6,14.3,13.4,12.1,12.9,14,16,15,20.1,20.2,14.2,13.3,13,13.6,13,14.4,14,14.6,16.1,16.7,19,17.2,13.8,14.5,13.6,14.3,12.9,14.3,14.6,14.5,15.6,15.9,18.7,17.9,13,13.1,13.8,14.5,13.4,13.4,14,14.8,16.9,18.6,18.7,21.2,16.1,15,14.6,15.3,15.3,13.6,14.3,15.2,16.9,14.8,16,17.3,13.7,15,14.1,15.6,13.3,11,11.5,11.1,12.1,11.5,14.1,14.3,11.4,11.4,10.8,10.3,10.7,12.3,13.1,12.9,14.2,12.1,13.7,13.7,11.1,11.2,10.3,10.6,9.4,9.6,8.5,10,11,11.3,12,12.1,10,8.1,8.7,9.4,8.4,8.7,7.5,9.5,10.4,8.9,11.5,12.2,10.2,9.1,8.9,9.9,8.7,9.2,10.1,9.9,11.1,11.5,12.3,11.4,8.6,8.3,8.6,8.6,8.2
New Brunswick,Employment (3),High school graduate (14),Both sexes,15 to 24 years,12.9,12.1,12.1,11.9,12.2,14.1,15.5,16.8,15,14.6,15.2,15,13.8,13.5,13.5,13.3,15.5,14.9,17.4,18.7,14.1,15.8,13.1,12.6,12.8,10.5,11.1,12.4,15,15.6,17.9,20.1,17,16.1,13.9,14.6,14.1,14.5,13.6,15.5,14.6,16,18.5,17.4,13.5,14.3,13.9,13.5,10.6,10.8,11.3,11.9,13.5,17.1,19.8,17.7,15.5,14.8,14.3,13.8,12.1,13.5,13.6,14,16.4,17.4,18.8,18.7,14.7,13.7,14.6,14.4,13.5,12.8,13.3,13,14.1,15.3,17.2,17.9,13.8,13.9,14.3,13.9,12.9,12.8,12,12.8,13,16.3,17.2,17.9,14.1,12.5,14.2,13.1,12.5,12,10.4,10.6,11.6,13.8,15.4,16.5,13.1,12,14.1,13.2,12.2,13.2,12,11.6,11.8,14.9,15.9,14.7,10,9.8,10.5,8.2,8.9,11.9,12.7,12.3,13.6,14.4,13.8,14.1,11.1,11.6,11.2,11.2,9.8,10.1,10.2,10,11.6,13.3,14,14.2,11,10.8,12,11.8,10.6,10.1,9.9,9.9,13,13.9,16.7,17,12.3,11.6,11.1,11.1,11.2,11.6,12.1,10.9,14.2,14.6,17.6,18.4,14.9,14.2,14.3,14.5,12.1,13.3,13,12.3,14.5,17.9,18.2,17.4,12,11.5,11.9,12.3,11.1
New Brunswick,Employment (3),Some postsecondary (15),Both sexes,15 to 24 years,6.3,6.5,6.2,5.7,8.1,9.9,11.9,12.3,6.9,6.8,7.8,7.1,6.9,7,6.1,7.3,9.2,13.5,13.7,14.8,9,7.7,6.4,8.2,8,8.7,9.8,9.2,12.2,13.2,14.3,13.7,9.9,9.7,9.4,9.7,7.7,7.2,7,6,8.4,12.4,14.8,15.3,10,9.6,10.4,9.9,10.6,10.5,11.4,10.3,11.1,14.4,14.1,13.3,10,9.3,8.8,9,7.6,7.9,8,6.9,9.9,11.8,14.6,13.7,8.2,8.4,9.2,9.5,9,8.7,8.2,9.6,11.6,12.8,13.7,12.8,7.9,6.5,6.9,9.2,10.2,11.2,10.3,11,15.1,15.9,17,16.4,10.5,9.5,9.8,8.7,9.1,9.1,10.6,10.3,12.9,12.6,14.5,13.3,10,9.9,10.3,9.3,9.1,8.7,8.3,7.6,10.4,12.3,12.2,13,7.1,8,8.4,8.2,7.7,7.6,6.7,7.3,11,14.4,17,16,9.1,9.1,9.3,8.8,9.5,9.2,7.5,8.7,11.5,12.7,13.8,13.9,8,8.5,9.1,8.2,8.2,8.7,8.4,7.8,9.7,11.9,12.3,12,5.7,6.5,6.5,6.4,7,7.1,7.1,9.1,10.6,11.2,11.7,10.6,7.1,5.3,4.3,5.1,4.7,4.9,4.6,4.7,6.3,7.8,7.7,9.8,5.5,5.1,6.2,7.3,6.5
New Brunswick,Employment (3),Postsecondary certificate or diploma (16),Both sexes,15 to 24 years,10.1,10.3,10.2,10.6,10.8,11.5,13.6,13.8,11.1,10.2,10.1,9.8,10.4,9.3,10,9.3,9.7,10.8,11.1,10.7,9.7,9.8,9.9,9,9.3,9.8,10.2,9.1,9.8,10.2,11,10.6,8.9,10.3,10.4,10.7,10,10.7,10.3,9.8,10,10.7,10.8,10.1,10.6,11.3,11.6,10.4,8.8,9.7,9.8,9.9,11,10.6,12,10.4,8.6,8.9,9.4,10.2,9.6,8.2,8.4,8.7,9.3,9,10.1,9.6,9.9,9.6,10.2,9.7,9.5,9.5,9.9,9.8,10.6,10.1,11.1,10.4,9.9,10.6,9.7,8.9,7.9,7.2,7.6,6.3,5.7,7.9,10.2,9.3,9.1,11.6,11.3,10.8,9.3,10.3,8.9,8.8,9.3,9.8,11,10.2,9.2,9.8,9.1,9.2,9,9.6,9.5,9.4,10.2,11.8,11,10.2,11.1,11,10.3,8.8,8.1,9,8.3,10.2,9.4,9.8,11.3,11.4,10.2,10.4,10.9,11.3,10.4,9.5,9.8,9,9.7,11,13.3,12.9,11.8,11.6,11.1,10.5,11.7,12.1,11.2,12.2,11.7,11.9,12.7,11.3,11.5,11.1,10.7,10.9,9.9,9.5,9.2,8.9,8.9,9.7,8,8.9,9.3,10.9,12.2,12.7,13.2,13.9,12.4,11.7,11.4,11.8,13,11.2,10.6,11.5,9.9,8.5,10.3
New Brunswick,Employment (3),University degree (17),Both sexes,15 to 24 years,2.5,2.1,2.1,2.3,3.7,4.2,4.5,4.9,3.8,3.2,2.3,3,2.9,3,3.1,3.5,4.7,4.8,5.3,5.3,4.2,4.2,4.2,3.8,3.4,2.8,3,2.8,2.7,3.7,4.1,3.7,3.8,3.6,3.3,3.1,2.9,2.2,1.9,2.4,2.4,3.1,3.6,2.9,2.9,2.4,3.1,3.3,3.1,3.6,2.7,2,3.5,3.4,3.4,3.3,3.4,3,3.9,3.5,3.7,4,3.2,3.8,2.7,2.2,2.4,2.5,3.2,3.4,3.9,4,4.2,3.8,3.3,3,4.3,4.7,5.5,4.3,2.6,2.4,2.5,2.7,2.1,2,3,3.8,5.1,5.5,4.7,4,3.6,2.8,2.5,2.5,2.4,2.3,2.6,2.5,4,4.4,5.6,5.7,4.8,4.7,4.6,4.5,3.7,3.6,3.7,3.2,4,4.7,5.1,5.5,4.2,4.4,4.5,4.8,4.3,4.2,3.5,2.5,2.7,3.1,3.3,3.5,2.4,1.8,2.4,2.5,2.7,2.8,2.9,2.8,2.5,1.9,3.3,3.8,3.5,3.1,2.6,2.9,3,3,2.9,3.1,4.2,3.7,2.9,2.9,2.5,3,3.6,2.9,2.9,3.2,2.7,2.6,3.8,3.5,4.7,4.2,3.8,3.9,3.7,3.7,3.1,3.4,3.2,1.7,2.5,4,4.3,4.7,5,5,5,4.5,4.1
New Brunswick,Employment (3),Bachelor's degree,Both sexes,15 to 24 years,1.9,1.4,1.4,1.7,2.7,3.3,3.7,4.2,3.2,2.9,2.3,2.8,2.9,2.8,3.1,3.4,4.5,4.7,5,5.1,3.7,3.6,3.6,3.6,3.3,2.8,2.9,2.6,2.4,3.3,3.4,3.1,3.5,3.3,3.2,3,2.9,2.2,1.7,2,2.2,3.1,3.2,2.9,2.9,2.3,3,3.2,2.9,3,2.4,2,3.5,3.3,3.4,3.1,3.4,3,3.9,3.4,3.6,3.9,3.2,3.8,2.7,2.2,2.2,2.3,2.9,3.1,3.3,3.4,3.7,3.3,2.9,2.9,4.1,4.2,5,3.9,2.4,2.3,2.2,2.6,2.1,2,3,3.5,4.7,5,4.3,3.5,3.1,2.7,2.5,2.5,2.4,2.3,2.4,2.3,3.8,4.4,5.6,5.4,4.8,4.7,4.6,4.3,3.5,3.2,3.3,2.8,3.5,4.4,4.8,5.1,4,4.3,4.2,4.3,4,4.1,3.3,2.4,2.7,3.1,3.3,3.4,2.4,1.8,2.4,2.3,2.5,2.5,2.6,2.4,2.2,1.8,3.2,3.6,3.4,3,2.5,2.8,2.9,2.9,2.7,3.1,4.2,3.5,2.7,2.7,2.2,2.7,3.3,2.8,2.8,3.2,2.7,2.4,3.6,3.3,4.3,4,3.7,3.9,3.7,3.7,3.1,3.3,3.2,1.7,2.2,3.6,4.1,4.5,4.9,4.8,4.8,4.3,4
New Brunswick,Employment (3),Above bachelor's degree,Both sexes,15 to 24 years,0.7,0.7,0.7,0.6,1,0.9,0.8,0.7,0.6,x,x,x,x,x,x,x,x,x,x,x,0.6,0.7,0.5,x,x,x,x,x,x,x,0.6,0.6,x,x,x,x,x,x,x,x,x,x,x,x,x,x,x,x,x,0.6,x,x,x,x,x,x,x,x,x,x,x,x,x,x,x,x,x,x,x,x,0.6,0.6,0.5,0.5,x,x,x,x,x,x,x,x,x,x,x,x,x,x,x,0.5,0.5,x,0.5,x,x,x,x,x,x,x,x,x,x,x,x,x,x,x,x,x,x,x,x,x,x,x,x,x,x,x,x,x,x,x,x,x,x,x,x,x,x,x,x,x,x,x,x,x,x,x,x,x,x,x,x,x,x,x,x,x,x,x,x,x,x,x,x,x,x,x,x,x,x,x,x,x,x,x,x,x,x,x,x,x,x,x,x,x,x,x,x
Quebec,Employment (3),"Total, all education levels",Both sexes,15 to 24 years,459.1,458.7,456.6,455.7,513.8,552.2,622.9,573.5,513.5,510.3,504.5,507.7,486.7,487.2,488.9,485.8,519.4,565.8,624,593.7,523.3,517.3,506.5,506,497.9,504.4,514.4,524,563.7,607.9,652.8,616.3,532.9,541.1,533.1,540.6,519.3,523.7,524.7,532.9,559.7,627,675.2,644.5,545.1,535.8,538.8,524.2,498.7,499.3,500.4,513.3,552.5,602.9,650.2,617,549.7,542.9,548,533.3,518.5,521.4,503.8,510.3,541.2,592.3,644.4,614.8,528.7,532.9,539.1,534,509.9,510.4,515.9,504.1,544.4,591.9,646.6,620.6,543.5,546.1,538.5,538.8,505.3,519.1,527,527.8,555.6,615,665.8,637.1,547.5,550.5,556.1,556.8,530.6,546,545.1,533.2,574.4,631.5,690.4,668.6,580.2,577.5,571,557.8,516.3,525.2,520.7,527.8,565.6,612.8,646.1,623.6,531.5,535.7,538.1,539.8,524.7,525.4,523.5,537.9,578.6,646,684.3,641.8,572.8,580.8,569.7,579.6,542.6,552.2,535,549,604,623.8,674.8,641.6,560.3,552.6,540,543,519.8,527.4,537.9,555.8,594,622.6,666.1,637.8,562.3,566.4,573.3,567.1,553.5,555,545.8,552.7,597.3,617.2,653.7,634.4,553,564.3,552.9,564,537.5,533.6,542.2,536.1,574.3,622.7,669.1,643.2,561.6,561.4,554.5,544.7,529.3
Quebec,Employment (3),0 to 8  years (12),Both sexes,15 to 24 years,19.9,17.1,13.3,10.9,12.7,16.8,22.5,22.9,16.7,13.7,14.1,16.1,15.8,20.7,16.4,17.7,24.1,20.6,24.9,16.8,15,16.2,17,17.1,18.3,21.4,21,23.4,25.7,25.7,26.4,23.2,18.9,18.1,16.8,18.1,14.1,14.5,17.2,16.9,23.2,25.4,22.6,23.2,15.5,16.5,14.5,11.5,13.8,18.6,16.3,16,20.9,22.2,24.5,21.3,20.4,18.8,18.5,18.7,13.5,14.1,13.3,12.9,15.8,20.7,26.8,22.7,17.8,22.8,24.3,18.6,16.3,18,21.7,23.8,26.7,27.2,24,22.8,20.1,17.8,14.9,16,16.1,17.4,20.8,25.5,24.8,21.7,27.1,26.8,15.4,18.9,19.5,24,20.1,21.7,25.2,21.8,24.4,23.6,29.7,23.1,18,19.7,20.4,21.7,15,14.3,15.5,17.6,19.3,19.9,19.4,19.8,17.9,17.5,17.2,17.9,16,14.7,13,13.5,16,22.6,23.7,21.5,14.3,12,14.5,15.6,11.6,16.8,13.2,15.1,19.9,17.3,18.7,19.9,19.1,14.7,14.4,11.1,13.1,11.4,13.8,14.8,14.9,16.7,23.5,20,17.5,17.5,17.3,13.5,16.5,15.2,16.5,16.1,15.9,15.5,21.4,21.6,15.5,17.7,15.7,18.1,16.2,20.2,15.7,12.6,15.2,16.8,21.8,18.3,15.7,16.2,12.7,10,10.1
Quebec,Employment (3),Some high school (13),Both sexes,15 to 24 years,80.9,79.9,76.5,84.4,96.8,99.1,126.8,116.2,100.2,91.8,87.1,91.2,87.2,87.2,82.8,91.9,97.2,105.4,123.7,120.4,103.5,101.1,91.9,95.6,87,85,79.6,77.4,92.6,95.8,122,115.8,91.5,91.6,88,81.3,83.7,94,92.6,94.6,101.7,107.3,119.3,110.5,89.6,81.7,82.9,76.9,72.6,70.7,72.2,81.7,92.4,106.1,121.8,118.3,90.4,88.2,92.7,82.1,84.1,87.2,91.6,92.6,97.1,105.2,126.8,119,90.2,93.2,90.5,96.2,92,93.5,93.5,85.3,108.8,116.8,131.7,121.4,100.3,103.8,96.3,95.6,88.3,94.6,99,105.5,118,126.8,142.7,127.7,108.7,108.1,97.1,98.7,104.1,110.4,108.3,101.9,112.1,117,139.4,139.8,117.8,110.4,104.1,104.2,102.6,107,108.2,107.7,118.5,124.7,136.6,123.5,98.5,95.1,94.3,95.6,85.9,91,91,93.5,108,124.3,137.9,128.8,100.9,110.9,100.7,93.4,89.6,89.2,87.3,94,104.1,96.6,124,114.2,104.6,96.4,85.6,88,73.9,77.3,81,82.5,94.8,99.7,115.3,114.9,92,89.2,89.3,83.7,76.5,80.7,83.6,80.2,97.7,108.5,116.4,107.9,87.7,92.3,87.2,81.7,74.1,72.9,77.3,79.3,87.6,96.7,113.7,109.5,87.5,78.4,73.5,67.6,71.2
Quebec,Employment (3),High school graduate (14),Both sexes,15 to 24 years,74.7,69.5,69.2,71.7,75.8,84.3,105.4,103.9,99.9,89.2,89,84.1,76.1,74.1,76.8,77.3,77,82.1,94.5,87.6,83.6,77,69.2,66.7,69.5,68.8,76,81.2,77.7,91.6,107.7,96.4,85.7,90.6,87.1,84,69.7,64.6,67.9,65.2,73.7,86.7,102.3,92,86.4,82.3,84.4,93.7,87.3,80.3,77.6,79.7,78.2,91.4,98.9,91,83.9,83.3,90.4,83.9,76.5,87.2,90.1,94.9,93.7,97.6,106.7,100.8,90.7,89.6,94.3,93.1,94.4,103,97.7,96.8,97.1,100.6,110.6,99.9,92.6,93.1,86.3,88.2,85.5,85.9,86.9,86.6,86.8,98.8,108.8,120.9,99.9,101.2,97.2,101.4,92.8,81.2,84.4,80.3,85.5,98.8,110.2,113.4,97.2,100,97.4,92.5,78.2,74.4,78.5,84,83.9,91.9,112.8,112.7,95.1,99.1,105.5,104.3,91.9,89,87.6,88.2,85.6,92.5,108.4,108.5,97.6,99.3,91.2,94.6,76.3,71.3,67.7,75.2,90.4,100.6,120.5,121.9,101.2,101.4,99.7,92.7,77.9,82.1,85.2,86.2,83.9,90.2,96,106.3,95.7,102.7,95,102.3,104.3,100.5,90.5,93.6,99.6,93.4,109.1,109.3,102.7,109.7,109.7,117.4,105.5,94.9,97.3,96.7,90.8,102.9,112.2,117.4,102.5,104.2,103.6,104.5,105
Quebec,Employment (3),Some postsecondary (15),Both sexes,15 to 24 years,80.6,92.6,99.8,100.4,110.8,118,130.9,115.3,90.2,97.2,105.3,102.9,100.1,100.1,101.5,96.2,100.5,121.6,137.5,136.6,111.7,114.4,118.9,112.3,112.4,115.3,110.1,115.8,120.7,124.9,127.1,117.9,95.3,101.9,112.6,122.6,116.7,127.5,128.4,128.1,112.2,132.5,147,145.8,118,130.3,121.7,123.9,114.4,116.8,121.1,129.5,137.1,140.3,135.5,132.4,111.1,113.4,110.5,113.9,128.3,113.2,103.5,100.3,109.6,120.6,122.7,113.7,108.3,112,107.1,114.4,99.4,90.9,89.8,86.8,89.1,106,124.4,127.3,105.7,106,111.2,109.8,105.3,95.5,94.2,95.5,100.1,121,137.9,126.7,115.1,110.3,122.9,123.2,117,125.8,122.6,125.6,126.3,158.2,164.8,146.5,125.4,131.3,133.8,129.3,129.9,136.7,127.7,125.5,126.2,128.6,122.4,113.5,96,102.2,105.2,116.6,127.1,125.6,122.4,122.9,121.9,138.1,137.5,118.6,122,113.9,120.9,132.7,140.3,141.5,141.9,144.6,150.6,158.6,151.3,133.5,114.9,118.4,121.7,127.1,133.6,123.6,117.7,130.7,138.4,139.6,141.1,135.7,125.2,119.4,124.8,130.2,127.7,131.7,122.4,126.3,121.8,123.2,134.9,120.2,103.1,101.8,93.2,96.9,106.5,113.1,115,108.6,119,126.5,131.2,117.8,107.5,111.8,113.9,121,120.5
Quebec,Employment (3),Postsecondary certificate or diploma (16),Both sexes,15 to 24 years,175.5,170.3,172.3,163.5,191.7,211.3,209.9,192.8,180.7,187.9,183.7,191,183.7,180,182.4,170.7,185.9,202.5,203.3,197.3,176.7,173.3,178.7,185.3,181,182.6,200.4,199.7,221.5,236,238.6,233,211.2,207.8,198,207.1,207.8,197.7,192.2,201.9,220.2,248.3,253,238.1,203.7,194.6,204.7,193.2,184.1,184.6,186.5,182,193.6,211.4,233.9,218.2,209.2,205.2,201.8,202.2,187.2,187.3,174.7,175.1,184.9,203.2,221.9,222.4,192,185.4,191.4,180.3,181.6,181.3,187.1,186.1,190.8,206.9,218,210.7,182.4,184,197.7,200.4,187.3,202.9,198.4,188.9,196.5,213.9,218.5,209.1,182.5,188.9,191,182.9,175.7,178.4,175.7,175.4,196.2,203.2,219.9,222.2,198.1,188.4,187.9,183.2,164.3,166.7,165.7,171.1,191.9,206.9,210.4,208.8,187.3,189.3,180.5,174.9,177.1,176.7,183.3,193.5,219,230.7,236.2,221.8,197.5,208.9,205.6,211.4,193.1,198.2,189.1,193.2,207.8,219.4,222.6,215.8,190.6,188.3,181.1,193.2,195.3,204.1,210.2,216.1,228.5,231.1,237.3,217.7,195,196.3,206,200.7,198.9,197.1,199.9,204.7,222.7,238.4,237.1,241.3,209.6,213.6,221.1,226,206.2,200.5,202.9,206.2,222.4,240.4,256.1,249,223.1,219.7,218,211.1,188.6
Quebec,Employment (3),University degree (17),Both sexes,15 to 24 years,27.4,29.4,25.4,25,26.1,22.7,27.4,22.3,25.9,30.4,25.3,22.4,23.8,25.2,29.1,32,34.7,33.5,40.1,34.9,32.9,35.4,30.9,29,29.7,31.3,27.2,26.4,25.6,33.9,31,30.1,30.3,31.1,30.6,27.5,27.4,25.4,26.3,26.2,28.6,26.7,31,34.8,31.8,30.4,30.6,25,26.6,28.3,26.8,24.4,30.3,31.4,35.6,35.9,34.6,34.2,34.1,32.4,28.9,32.5,30.5,34.3,40.1,44.9,39.4,36.2,29.7,29.9,31.7,31.5,26.3,23.7,26,25.2,31.8,34.3,38,38.5,42.5,41.5,32.1,28.7,22.8,22.6,27.7,25.8,29.4,32.7,30.7,26,25.9,23.2,28.4,26.8,20.9,28.7,29.1,28.3,29.8,30.8,26.4,23.7,23.8,27.6,27.4,26.9,26.3,26.2,25.2,21.9,25.8,40.7,44.5,45.3,36.8,32.5,35.4,30.6,26.7,28.3,26.2,26.3,28.1,37.9,40.6,42.6,40.5,35.8,36.8,31.9,31.7,35.1,35.8,27,31.4,31.3,37.7,36.4,29.9,33.4,37.5,31,26,28.9,30,25.5,33.5,45.3,52.9,43.1,36.8,41.3,40.9,36.6,29.6,29.8,33,31.7,39.5,38.2,34.8,34.1,34.4,29.3,26,23.8,29,32,34,32.7,39.3,39.4,34.1,31.3,25.3,31.1,32.7,30.4,33.8
Quebec,Employment (3),Bachelor's degree,Both sexes,15 to 24 years,23.4,24,21.3,20,22.9,20.2,24.9,20.9,22.7,27.5,23.7,20.5,22.4,25,28.8,31.8,33.4,31.8,36.8,32.3,31.7,33.7,27.8,26.1,25.4,27.5,24.1,24.1,23,30.1,28.3,28.9,28,29,28.6,26.2,25.9,22.4,23.8,22.8,24.7,24.9,29.8,32.6,29.7,27.5,27.6,22.6,25.1,27.7,25.9,22.9,28.8,29.8,34,33.5,31.1,30.4,31.7,29.1,28.6,30.9,29.9,31.9,38.2,43.2,37.8,33.9,28.8,29.7,31.4,31.1,25.6,22.4,25.7,24,30.6,33.3,35.6,34.9,38.2,37.3,29.6,25.6,19.7,21.4,26.6,25.6,26.2,29.4,25.7,23.7,20.8,19.6,24.9,24.6,19.9,26.6,27,25.8,27.6,27.8,24.3,23.1,22.3,25.6,25,25.6,24.9,25.3,24.6,21.7,22.4,37.6,41.1,40,33.4,30.4,33.7,27.3,23.8,26.8,25.5,24.8,26.9,35.7,37.8,37.8,38,35.4,35.8,30.6,30.6,31.4,30.9,23,26.6,26.4,34.4,34.6,28.1,29.8,34.7,26.8,22.3,24.2,26.3,22.7,30.9,43.1,49.6,40.4,35.5,39.9,35.9,30.7,23.8,22.7,25.7,26.9,34.7,32,31.4,30,31.1,27.2,24.1,19.4,24.1,25.7,28,29.5,36.1,35.5,29.5,27.4,21.6,27.1,31.3,28.1,31.3
Quebec,Employment (3),Above bachelor's degree,Both sexes,15 to 24 years,4,5.4,4.2,4.9,3.2,2.5,2.5,x,3.2,2.9,1.6,1.9,x,x,x,x,x,1.7,3.4,2.6,x,1.7,3.1,2.9,4.3,3.9,3.1,2.3,2.6,3.8,2.6,x,2.2,2,2,x,1.5,3,2.5,3.5,3.9,1.8,x,2.2,2.1,2.9,3,2.4,1.5,x,x,1.5,1.6,1.6,1.6,2.4,3.5,3.7,2.4,3.3,x,1.6,x,2.4,1.9,1.7,1.7,2.3,x,x,x,x,x,x,x,x,x,x,2.4,3.6,4.3,4.2,2.5,3.1,3.2,x,x,x,3.2,3.3,5.1,2.3,5.1,3.6,3.5,2.2,x,2,2.1,2.5,2.2,3,2.1,x,x,2,2.4,x,x,x,x,x,3.5,3.1,3.4,5.3,3.3,2.1,1.7,3.3,2.9,1.5,x,1.5,x,2.3,2.8,4.8,2.5,x,x,x,x,3.8,4.9,4,4.8,4.8,3.3,1.8,1.8,3.5,2.9,4.1,3.7,4.7,3.7,2.8,2.6,2.2,3.3,2.7,x,x,5,5.9,5.8,7,7.2,4.9,4.8,6.3,3.3,4.1,3.4,2,2,4.4,4.9,6.2,5.9,3.1,3.2,3.9,4.7,3.8,3.7,4,x,2.3,2.5
Ontario,Employment (3),"Total, all education levels",Both sexes,15 to 24 years,793.9,797,817.1,825.6,898.9,947.2,1024.7,1036.8,875.8,893.8,887.2,891.7,848.5,825.3,833.3,848.7,934.5,964.4,1043.8,1037.5,851.2,859.6,871.9,878.3,842.2,832.8,844.1,843.8,925.9,961.6,1060.4,1072.4,894.2,901.6,910.7,911.7,876.9,890.7,902.3,876.3,959.8,995,1053,1060.6,889.6,903.3,902.4,920.2,885.4,883.7,877.5,888.9,968,1042.5,1107.6,1078.2,906,925.3,915.2,917.9,872.5,875.7,869.4,878.4,968.8,1008.5,1072.4,1089.1,906.1,927.9,930.1,936.8,890,879.9,903.3,888,1009,1053.9,1106.5,1090.3,911.2,940,935,945.8,903.5,913.4,925.6,920.4,1028.7,1065.9,1137,1119.7,935.3,959.9,955.2,955.3,907.8,913.8,901.2,919.4,1002.2,1046.4,1104.8,1104.2,950.4,950,939.4,940,871.3,868.7,861,852.6,934.5,967.2,1015.9,1015,860.7,864.1,871.9,869.3,830.8,836.3,838.1,855.5,937.4,996,1046.8,1038.9,824.8,831.1,837.5,872.3,848.9,863.5,864.1,865.6,957.8,1028.6,1088.1,1071.4,885,887.4,906.5,885,829.8,833.4,853.3,855.4,926,976.1,1043.6,1021.7,846.8,864.7,868.1,888,851.4,872.8,871.3,870.7,961.1,1019.3,1072,1065.1,896.1,894.6,899.5,889.9,854.3,870,888,892.1,988,1021.8,1086.5,1074.3,908.3,928.5,910.4,909.1,874.7
Ontario,Employment (3),0 to 8  years (12),Both sexes,15 to 24 years,6.9,7.3,9.4,13.4,14.7,18.4,17.8,18.6,14.7,10.8,8.2,6.6,5.1,4.1,5.6,10.1,13.9,14,15.3,14.1,13.4,13.8,11.7,9,10.3,11.6,9.2,8.8,7.4,9.8,14,14.9,12.7,13,10.6,9.5,8.1,8.5,9,12.8,16.4,17.2,16.9,18,14.8,15.7,15.4,16.3,13.2,14.6,15.1,15.2,17.6,20.2,25.4,24.2,18.4,16.9,14.3,13.7,13.2,12.6,11.4,16.5,19.8,21.9,23,25.3,18.7,14.7,10,13.9,11.3,12.1,8.4,13.5,13.8,19,22.5,16.9,14.8,15.4,15,12,9.8,11.9,15.2,15.3,18.3,21.2,26.4,22.7,20.7,21.1,15.5,13.2,13.2,11.9,11.1,17.4,19,21.9,24.6,23.2,19.2,13.9,9.9,9.4,7.2,9.9,12.8,18.2,17.3,19.1,19.9,20.6,17.1,13.6,13.4,12.7,11.8,12.9,14,14.9,13.7,16.6,15.3,12.4,8.7,11.2,9.3,10,11.8,9.7,13.4,10.4,13,14.4,21.4,21.9,20.1,17.3,17.4,14.8,9.4,8.7,13.5,14.2,12.3,13.9,18,18.5,16.8,14.2,8.7,7.6,7.4,9.6,10.7,11.3,13.8,12,15.3,11.4,10,7.8,5.3,5.6,5.1,6.3,6.9,10.6,11.5,11,12.6,10.8,14.7,15.5,9.6,8.9,9.4
Ontario,Employment (3),Some high school (13),Both sexes,15 to 24 years,248.2,252.5,268.3,271.2,282.2,284.1,322.6,334.4,281.1,295,289.9,288.6,284.5,268.7,276,293.1,299.5,309,361.6,343.2,281.7,279,291,286.3,276.7,261.5,267.7,263.4,290.4,296.4,353.9,357.2,287.5,292.1,284.6,291.9,280.7,285.6,289.1,283.2,304.9,292.1,317.8,303.8,252.6,249.5,241.2,268.7,253.4,255,263.2,267.8,271,261.8,290.5,282.5,233,243.4,241.6,243.8,230.3,236.6,243,238.8,259.9,250.9,289,289.9,239.6,244.1,237.2,249.7,241.6,241.9,238.6,241,264.6,260.1,291.5,291,239.9,252.6,249,265.9,259.6,263.4,258.8,244.3,265.4,252,290.9,287.2,236.9,248.9,245.5,251.7,235.5,244.2,247.2,250.9,248.1,252.3,277.3,271.1,234.7,234.2,243.7,240.1,225.4,223.8,217.2,210.7,211.6,206.9,240.5,234,184.9,192.5,184.7,200.7,202.2,197.7,192.8,209,228.8,218,241.3,225.9,169.5,164,169.6,191.9,191.6,194.5,207.9,216,225,227.7,255.8,235.5,185.2,170.4,184.9,174.7,166.5,170.8,178.5,182.7,180.9,187.1,214.7,200.2,178.3,180.2,180.3,183.6,182.4,184.3,188.6,195.7,197.8,203.5,214.8,200,175.3,181.7,188.8,186.7,177.2,173.1,188.4,189.9,202,186.3,224.3,214.2,183.2,182.7,163.7,171.1,155.9
Ontario,Employment (3),High school graduate (14),Both sexes,15 to 24 years,175.7,176,175.8,177.8,193.1,218.7,234.4,240,220.4,225.2,225.7,219.7,199.9,198.9,186.5,198.5,229.6,234.5,237.1,247.5,205.8,206.9,211.5,220.2,203.3,202.6,207.8,210.7,223,230.6,245.6,261,218.4,219.6,226.5,215.8,202.8,197.6,203.9,196,210.1,239,246.7,276.4,226.7,234.6,236.2,216.6,208.4,188.6,187.1,214.8,226.7,249.8,269.3,269.8,236.3,246.5,247.9,232.9,226.6,228.7,230,244.2,257.3,268.1,280.5,288.9,239.3,241.6,243.7,220.8,200.5,199.9,204.7,206.3,237.2,263.2,275.2,280.3,230.5,241.7,252,254.9,232.4,234.2,234.3,240,258,272.3,290,284.1,238.1,233,244.3,227.7,212.4,222.8,213.1,234,248.4,264.7,289,291,263,270.2,248.1,247.6,216.5,199.7,196.4,192.6,230.8,241,256.5,267.1,216.3,233.8,228.6,223.3,195.3,199,207.5,202.2,221.5,249.2,261.7,275.8,218.7,229.1,226.9,226,225.8,237.1,225.2,215.9,245.9,281.6,300.9,311.6,260.4,263.4,264.4,250.1,242.1,233.3,237.9,239.2,253.5,255.5,278.7,278.6,232.1,248.8,251.8,257.1,241.1,237.7,249.6,263.7,280.7,288.4,313.9,324.3,249.3,244.1,252.6,261.2,233.4,241.9,251,253.6,284.3,307.4,346.3,361.5,286,282.9,282.5,267.7,258.5
Ontario,Employment (3),Some postsecondary (15),Both sexes,15 to 24 years,179.1,185.5,188.8,190,220.8,223.9,238.5,230,176.1,176.2,177.3,193.4,176.5,165.4,163.3,153.4,181,186.8,198,197.9,148,144.8,153.7,161.3,156.7,163.8,160.9,164.8,195.4,199.2,220.3,209,161.1,171.5,171.1,185.9,186.1,199.1,204.5,194.3,226.4,230.2,239.5,233.8,187.6,191.5,197.1,212.6,211.3,237.8,227.1,214.2,262.2,295.5,301.2,277.7,206.1,213.3,208.8,220.7,197.4,197,187.7,175.4,200.7,214.3,226.3,218.2,164.6,171.6,183.1,198.7,189.3,182.8,197.3,192.4,233.5,248.8,250.4,231.4,174.3,165.5,164.7,165.7,160,157.9,160.2,161.6,196.3,219.5,228.8,226.8,166.4,177.3,182,195.9,189.3,191.2,185.1,173.4,201.4,219,219.4,215.2,169.4,177.7,176.7,184.4,176,181.6,178.7,173.7,207.6,223.7,221.9,215.9,163.9,165.1,175.7,175.4,176.6,182.8,181.2,180.3,211.8,227.4,228.2,235.2,171.5,165.1,174.3,185.7,169.3,161.4,157.5,163.5,202.5,222.7,216.8,205.1,132.5,145.9,148.8,154,146.3,147.9,148.3,148.9,196,224,225.2,223.7,166.5,168,178.1,182.4,171.6,170.3,155.5,137.3,185.7,217.4,223.7,226.5,174,173.5,174.3,171.1,179.7,189.6,187.1,183.1,215,225.1,218.8,207.1,154,166.6,177.3,188.5,182
Ontario,Employment (3),Postsecondary certificate or diploma (16),Both sexes,15 to 24 years,134.8,130.1,132.4,133,136.9,142.5,149.3,149.3,129.3,127,127.4,122.7,124.8,127.1,136.5,137.8,149.9,151.3,162.9,164.8,140.9,148.4,142,146.4,148.2,149.2,148.6,145.6,150.7,162.3,157.2,160.7,166.1,154.7,165.1,160.6,149.8,151.8,149.7,141.9,145.1,151.4,166.6,161,150.1,148.3,151.8,146.7,143.6,133.2,141.4,133.5,147.7,165.3,169.2,173,160.2,151.7,149,148.6,153.6,150,147.2,153.3,171.7,173.7,169.5,175.8,172.8,183,195.4,186.6,180.5,179.2,189.1,168.8,190.7,193.3,197.8,209,180.7,185.8,184.3,177.2,171.5,173.5,182.3,182.6,198,206.6,204.8,192.9,176.9,176.9,172.5,173.9,174.8,166.5,168.6,164.5,191.9,183.2,188.3,194.8,171,165,175,176.3,159.1,160.7,162.7,159,173.6,171.4,174.7,176.3,170.1,159,165,162.4,156,152.6,160.9,163.5,172.9,192.5,200.1,194.3,171.2,177.3,175.9,173.7,169.8,174.2,175.1,171.1,185.3,178.4,184.1,185.9,175.8,178.7,172.2,178.7,161.5,176.6,180.2,179.6,184.9,179.3,184.5,179.5,162.2,166.9,167.9,169.3,154.5,165.5,162,165,172.9,186.6,190.2,189.8,180.6,189.5,179.8,174,166,166.3,155.1,150.2,166.7,172.9,170.1,168.1,171.8,166.7,161.6,157.8,158.8
Ontario,Employment (3),University degree (17),Both sexes,15 to 24 years,49.1,45.7,42.5,40.1,51.3,59.6,62.1,64.6,54.1,59.4,58.7,60.7,57.6,61.1,65.3,55.9,60.7,68.9,68.8,70,61.4,66.6,62,55,46.9,44.1,49.9,50.5,59,63.3,69.5,69.5,48.3,50.6,52.7,48,49.5,48.2,46.1,48.1,57,65.1,65.5,67.6,57.8,63.7,60.7,59.4,55.7,54.5,43.5,43.4,42.9,49.8,52,51,52.1,53.5,53.5,58.2,51.4,50.6,50.2,50.3,59.5,79.6,84.1,91.1,71.1,72.9,60.6,67.1,66.7,64.1,65.3,65.8,69.3,69.5,69.1,61.8,71,79,69.9,70.2,70.1,72.6,74.7,76.5,92.7,94.2,96.2,106,96.2,102.7,95.3,92.7,82.6,77.2,76.2,79.3,93.5,105.3,106.3,108.9,93.1,88.9,86,82.3,87.1,93,93.2,98.4,93.6,105.1,102.3,101.1,108.5,100.2,104.5,94.8,88.9,91.4,81.8,85.6,88.7,92.3,100.1,95.3,85.2,84.3,81.6,85.1,80.5,86.6,85,88.5,86,103.7,109.1,111.4,111,111.7,118.9,112.7,104.1,96.2,95,90.8,98.3,116.4,122.5,121.4,90.8,86.7,81.4,88.1,94.5,105.3,104.9,97.7,110.3,111.4,114,113.2,106.9,98,98.7,91.3,92.9,92.9,99.5,104.6,108.6,119.3,114.5,112.5,98.7,114.1,115.7,115.1,110.2
Ontario,Employment (3),Bachelor's degree,Both sexes,15 to 24 years,43.8,39.4,37.4,32.2,41.6,49.6,54.4,56.6,47,50.5,48.5,48,45.6,48,53.1,45,51,58.2,60.6,64.2,54.4,59.8,55.7,48.9,42,43.1,48,48.2,52.3,54.8,57,57.5,41.5,40.1,43.6,40,40.2,40.4,37.4,39.6,46.8,52.9,58.7,60.6,50.2,56.2,53.5,53.1,50,47.7,40.1,39.9,37.6,43.6,46.3,45.6,45.3,49.4,48.1,53.1,47,45.4,41.4,41.2,45.5,60.7,65.4,72.7,60.4,62,52.6,58.4,57.6,54.1,54.9,55.2,56.6,56.6,57.6,52.6,61.3,68.4,58.8,60.2,61,62.1,63.1,66.5,81.2,81.3,82.1,90.5,82.5,88.5,82.4,80.9,72.7,68.7,65.8,69.4,82.4,91.9,93.7,97.2,84.4,78.2,75.5,71.3,72.7,78.9,81,85.6,84.4,96.3,95.7,91.9,94.4,85.8,90,85.4,82,85.8,75.4,79.7,81,84.3,90.2,85.7,73.1,73.9,71,70.5,68.7,74,76.6,79.4,74,92.8,99.9,101.5,103.2,101.5,105,101.6,94.6,89.7,88.9,86.8,90.8,103.5,108.5,106.3,78.4,77.4,72.5,79.7,86.2,97.6,93.9,89.6,103.3,103.1,103.6,105.7,99.1,90.1,88.5,78.2,81.3,81.2,87.1,92,102.7,109.8,100.4,102.1,92.8,102.2,104.8,101.6,99.5
Ontario,Employment (3),Above bachelor's degree,Both sexes,15 to 24 years,5.3,6.2,5.1,7.9,9.7,10,7.7,8.1,7.1,8.9,10.2,12.7,12,13.1,12.2,10.9,9.6,10.7,8.3,5.8,7,6.8,6.4,6.2,4.9,x,1.9,2.4,6.7,8.5,12.6,12,6.7,10.4,9.1,8,9.3,7.8,8.7,8.5,10.2,12.1,6.8,7,7.6,7.5,7.2,6.3,5.7,6.9,3.3,3.4,5.4,6.2,5.7,5.4,6.8,4.1,5.4,5.1,4.4,5.3,8.8,9.1,14,19,18.7,18.4,10.7,11,8,8.7,9.1,10,10.4,10.6,12.7,12.9,11.5,9.3,9.7,10.6,11.1,10,9.1,10.5,11.7,10,11.5,12.9,14.1,15.5,13.7,14.3,12.9,11.9,9.9,8.5,10.4,9.9,11.2,13.5,12.5,11.7,8.6,10.7,10.5,11,14.4,14.1,12.3,12.8,9.3,8.8,6.7,9.2,14,14.5,14.5,9.4,6.9,5.6,6.3,5.9,7.7,8.1,9.9,9.6,12.1,10.4,10.6,14.6,11.8,12.6,8.4,9.2,12,10.9,9.2,9.9,7.8,10.2,13.9,11.1,9.4,6.5,6.1,4.1,7.5,12.9,14,15.1,12.4,9.3,8.9,8.4,8.3,7.7,11,8.1,7,8.4,10.3,7.5,7.7,7.9,10.2,13,11.5,11.7,12.3,12.6,5.9,9.5,14.1,10.5,5.9,11.8,10.8,13.5,10.6
Manitoba,Employment (3),"Total, all education levels",Both sexes,15 to 24 years,86.7,87.7,89.3,90.6,98,101.5,106,108.6,98.2,95.1,96.2,98.2,88.9,88.8,90.6,90.7,98.9,99.9,104.6,105.8,95.1,98.1,95.8,92.7,88.8,90.3,91.9,91.7,99.8,104.3,111.5,108.1,98,97.1,96,96.1,91.4,92.5,93.7,92.6,100.5,104,109.6,107.9,96.1,97.6,94.6,96.3,92.3,91.3,90.4,91.7,98.5,100.5,106.3,105.7,95.4,93,93.8,93.8,88.8,91.5,88.4,92.9,103,104,111.2,109.9,93.7,96.9,96.9,97.8,96.8,99,94.9,98.5,106.8,107.7,110.2,111.4,96.7,98.2,96.8,98.3,94.2,96.5,95.4,99.4,108.6,110.6,118.6,114.2,99.6,101.5,103.6,98.7,98.3,95.1,96.3,101.1,104.8,110.5,116.5,113.8,99.5,100.5,100.6,101.4,96.1,97.8,96,98,105.1,104.7,111.7,112.1,93.7,94.4,95.2,94.1,92.3,89.8,91,93.9,98.1,102.1,109.1,106.8,94.4,95,94.6,94.1,89.7,92.5,93.2,92.5,98.7,101.3,108.4,108.6,95.9,96.1,96.7,96.1,92.7,92.4,93,95.7,102.4,103.9,110.2,110.1,99.4,97.2,97.6,99.6,97.7,97.1,96.4,96.8,101.8,107.1,110.1,107.9,97.8,96.5,96.7,95,93.9,90.3,90.5,89.9,101,105.7,110,110.4,98.8,100,98,96.8,94.3
Manitoba,Employment (3),0 to 8  years (12),Both sexes,15 to 24 years,2,1.1,1.3,2.9,2.9,3.6,3.6,3.5,2.5,1.7,1.8,2,2.2,1.6,1.5,2.3,1.6,3.1,3.2,4.1,2.8,3.4,2.7,1.7,1.4,1.7,2,2,2.2,2.7,4.6,3.4,1.7,1.9,2.2,1.8,1.3,1.5,1.6,1.3,2.1,1.6,1.7,2.2,2.2,1.7,1.8,1.8,2.1,1.7,1.8,1.4,1.4,2.2,2.4,2.8,2.1,1.6,1.2,1.6,1.5,1.5,1.4,1.7,1.8,1.8,1.9,1.8,1.2,2,1.3,1.5,1.5,1.1,1.4,1,1.2,2,1.5,1.9,1.6,1.7,1.1,0.9,0.9,1.6,2,2,2.4,2.7,3.4,2.5,1.9,1.4,1.6,1.2,1.3,1.5,1.2,2,2.1,2.1,2,1.7,1.3,1.5,1.8,1,1.1,1.8,1.7,1.4,2.2,2.5,2.8,2.1,1.4,1.1,0.9,0.7,0.6,1.1,1.4,1.1,1.3,1.3,2,1.8,0.8,0.8,0.9,1.1,0.8,0.8,0.8,1,1.9,2.1,2.3,2.1,2,2,2,1.8,1.6,1.5,1.4,1.3,1.3,1.3,1.8,1.9,1.3,1.3,0.6,x,0.6,1,1.3,1.2,1.1,1,1.3,1.4,1.2,0.9,1.5,1.8,1.6,1.5,1.2,1.5,1.8,1.9,2.1,1.5,1.4,1.2,1.3,0.9,0.9
Manitoba,Employment (3),Some high school (13),Both sexes,15 to 24 years,25,26.8,27.7,28.1,31.8,33.3,36.2,37.9,34.9,34.8,32.3,33.2,30.2,28.6,29.6,26.4,31.8,31,34,33.1,26.3,28.2,29.8,27.7,26.1,26.3,29.1,30.6,33.7,33.6,37.8,33.2,30.1,29.6,29.3,27.1,27.5,27,30.5,31.3,31.1,30,33.8,31.9,27.6,28.8,28.1,30,28.4,27,27.1,28.3,30.1,28.9,30.8,30.8,25.1,23.2,24.1,26.5,25.5,27.6,27.4,30,32.9,31.8,36.5,35,27.1,28.3,27.7,28.8,29.2,32.2,30.9,32.4,32.2,32.4,35.9,34.9,28.4,30.3,29.4,31.9,29.2,29.1,28.8,30.8,35.9,34.7,39.9,36.4,28.7,31.3,29.8,27.5,28.3,27.8,28,28.4,30.8,33.8,36.4,33.4,26.8,27.9,27,27.2,24.2,25.4,24.1,27.4,29.6,28.5,31.2,31.3,24.3,24.1,23.5,24.9,24.9,25.4,25.3,27,28.1,27.9,31.6,30.2,25.3,25.3,23.9,23.1,21.7,23.1,22.9,22.3,24.8,24.8,29,28.5,22.4,22.5,22.6,21.1,21.5,21.3,23.3,24.7,23.8,24.4,28.4,28.4,22.1,20.5,21.4,22.1,22.3,22.9,23.8,24.3,24.5,25.7,29.8,26.1,21.6,20.3,21.9,21.3,20.2,19,18.9,17.4,20.2,20.4,23.4,25.8,20.6,19.8,19.6,19.3,17.2
Manitoba,Employment (3),High school graduate (14),Both sexes,15 to 24 years,24.7,24.8,24.8,23,26.3,27.7,28.6,30.7,25.9,24.7,25.5,27.8,24.6,24.3,24.7,26.6,29.8,28.7,31.8,32.6,31.4,30.6,29.9,30.8,29.1,30.4,31.9,29.8,31.1,31,34.6,32.3,30.6,29.2,29.6,31.6,28.6,29.5,25.6,24.5,27.8,30.2,30.2,31.6,30.5,28.7,26.6,26.4,24.9,23.1,22.9,23,25.9,26.5,30.9,32.9,33.3,32.1,29.1,28.2,24.1,24.1,24.6,24.9,27,27.8,29.1,31.4,26.6,25.7,27.7,24.5,22.8,22.3,22.9,25.3,25.4,24.5,26.6,29,25,25.1,23.9,24.9,23.4,24.4,23.7,24.8,23.7,23.1,26.2,27.8,28.1,29.4,31.4,30.9,29.6,27.1,25.7,24,23.1,25,24.7,26.6,25.7,27.2,29.3,30,29.5,30.1,30.1,28.8,30.5,32.3,33.1,34,30,30.2,31.2,29.2,30.2,27.5,29,30.7,30.3,32,32.5,32,30.9,30.6,30.5,31.3,29.8,30.7,32.8,32.6,31.6,34.4,34.6,36.1,31.5,31.3,32.7,31.8,31,28.6,29.7,31.7,31.4,29,30.2,32.7,31.1,29.3,29.4,30.2,31,29.5,29.3,30.6,32,33.9,35.4,37.8,35.8,35.5,34.3,33.3,31.6,29.3,29.9,31.6,34.8,38.1,39.6,39.8,35.5,34.4,33.6,33.8,31.2
Manitoba,Employment (3),Some postsecondary (15),Both sexes,15 to 24 years,15,15.1,15.8,15.8,17.4,16.3,16.7,15.7,13.4,13.5,16.2,16.4,14.9,16.2,16,17.3,16.7,15.9,12.7,12.2,11.5,12.5,11.8,12.2,12.9,15,13.9,13.9,15.7,18.4,16.4,19.1,16.3,16.8,16.5,18.1,16.8,17.2,17.5,17.8,21.5,22.6,23.9,21.4,16.4,19.5,20.2,20.6,20,23.2,22.6,21,21.6,23.2,23,21.1,16.5,19.1,21.4,20.5,20.2,20.4,19.9,20.7,22.9,24.1,24.1,21.6,20.3,21,21.8,24.6,26.5,27.8,24.8,25.1,29.6,29.5,26.9,25.8,20.7,22.2,21.2,20.8,21.8,22.7,24.4,23.6,27.8,28.2,28.9,28.5,21.9,21.2,22.6,21.3,21.9,22.6,22.7,28.7,30.5,31.2,33.5,31.9,27.4,24.6,24.9,26.1,23.6,22.7,23,23,23.5,20,20.8,21.1,16.4,16.9,16.7,18.7,17.9,18.1,17.5,19.1,22.2,23.3,24.9,23.6,18.7,18.2,18.2,16.8,17.8,18.9,19.9,18.4,21.8,22.3,23.2,23.6,22.8,23.2,22.4,21.9,20.1,20.9,19.8,19.2,24.2,26,25.1,23.4,21,20.1,21.2,21.8,21.3,21,20.6,20.8,22.5,23.6,21.8,21.5,18,19.5,19.5,20.1,21.2,22.5,22.9,21.5,24.5,23.2,23.4,22.8,20.8,21.8,21.3,21.2,23
Manitoba,Employment (3),Postsecondary certificate or diploma (16),Both sexes,15 to 24 years,14.9,15.1,14.6,15.4,15.3,14.7,14.6,14.1,14.4,13.9,14,13.1,12.6,13.2,14.3,13.5,14.2,15.7,17,18.3,17.6,18.7,17.2,16.7,15.6,13.7,12.1,12.5,13.8,13.6,13.3,14,13.9,14.2,13.9,13.3,13.5,13.4,15,15,14.3,14.6,15.1,15.8,14.1,14.1,13.5,12.5,12.4,11.8,11.7,13.5,14.8,14.7,14,13.8,12.6,12.9,14,13.1,12.9,13.3,10.8,11.9,13.2,14.3,13.2,13,12.5,12.4,11,10.4,9.7,10.2,9.6,9.3,13.2,14,13,14.6,15.6,13.7,14.4,13.8,13.5,12.5,10.9,12.7,11.9,13.8,12.6,12.6,12.3,11.5,11.6,12.2,11.3,10.4,12.6,12.4,12.2,11,13.1,13.3,12.2,12.6,11.4,10.9,11.3,11.5,10.7,11.7,12.3,14.3,16.1,15.6,15.5,15.2,15.4,13.4,12.1,11.4,11.8,11,11.1,13.1,12.5,13.4,13.3,13.7,13.6,14.4,12.8,12.9,12,12.9,12.7,12,13.3,11.7,11.1,11.6,12.6,14.3,13.4,14.8,14,13,13.9,15.5,17.5,16.8,16.6,18.3,17.3,18.3,16.7,16.5,15.9,15.5,15.8,16.2,16.4,16.2,15.4,14.6,13.6,13.8,14.4,13.7,12.7,12.1,13.4,15.8,15.1,14.1,14.9,16,16.6,15.3,16.3
Manitoba,Employment (3),University degree (17),Both sexes,15 to 24 years,5.1,4.7,5,5.5,4.3,5.9,6.3,6.6,7.1,6.5,6.3,5.6,4.4,4.9,4.4,4.7,4.8,5.4,5.9,5.6,5.5,4.7,4.4,3.6,3.7,3.3,3.1,3,3.5,4.9,4.9,6.1,5.5,5.5,4.5,4.3,3.8,3.9,3.7,2.6,3.7,5.1,4.8,5,5.3,4.9,4.3,5,4.6,4.5,4.4,4.6,4.7,5.1,5.1,4.2,5.8,4.2,3.9,3.9,4.6,4.7,4.2,3.7,5.2,4.2,6.4,7.2,6.1,7.4,7.5,8.1,7.1,5.3,5.4,5.4,5.2,5.3,6.2,5.3,5.3,5.2,6.8,6,5.4,6.2,5.6,5.5,6.9,8,7.4,6.3,6.6,6.7,6.6,5.6,6.1,5.7,6.1,5.6,6.2,7.4,6.8,6.9,6.1,6.7,6.2,6.2,6.4,6.4,6.3,5.8,7,7,7.7,8.1,6.1,6.8,7.6,7.2,6.6,6.4,6,5.1,5.2,4.6,5.7,5.8,5.3,6.4,7.5,7.4,6.8,6.1,4.9,5.3,5.9,5.8,5.9,6.6,6.1,5.4,4.4,5.2,5.1,5.2,5,5.8,7.8,7.7,7.2,7,7.4,7.7,7.7,6.9,5.7,6.4,5.6,4.5,6,6.5,5.3,4.8,5.9,5.8,5.9,4.7,4.8,4.3,4.9,5.8,6.2,6.3,6.4,6.4,5.7,6.9,5.5,6.3,5.7
Manitoba,Employment (3),Bachelor's degree,Both sexes,15 to 24 years,4.4,4.3,4.6,5,4.3,5.9,6.2,6.1,6.7,5.9,5.9,5.2,4.2,4.5,3.7,4.2,4.3,4.6,4.7,5.1,5.3,4.5,4.2,3.4,3.5,2.9,2.8,2.8,3.1,4.4,4.5,5.8,5.1,5.2,4.2,3.9,3.4,3.4,3.4,2.2,3.5,4.8,4.7,4.9,4.7,4.4,3.8,4.4,4,4.2,4.4,4.1,4,4.5,4.5,3.6,5.4,4,3.9,3.9,4.4,4.3,3.9,3.2,4.8,3.7,5.5,6.2,5.1,6.1,6.6,7.2,6.5,5.1,5.2,5.2,5,5,6,5.2,5.3,5.2,6.8,6,5.2,5.9,5.5,5.3,6.6,7.5,7.2,5.9,6.2,6.3,5.8,5.1,5.5,5,5.4,5.1,6.2,7.4,6.7,6.8,5.9,6.3,6,6,6,6,5.7,5.4,6.6,6.4,6.7,7.6,5.3,5.6,6.4,6,5.8,5.9,5.8,5.1,5,4.3,5.1,4.6,4.5,5.6,7,6.5,6.5,5.8,4.7,5,5.8,5.7,5.6,6,5.7,5.1,4.2,4.9,4.8,5.1,4.9,5.8,7.7,7.6,7.1,6.9,7.3,7.4,7.3,6.8,5.6,6,5.2,4.3,5.8,6.4,5.2,4.8,5.7,5.6,5.7,4.6,4.8,4.3,4.8,5.7,6,6.1,6.2,6.3,5.5,6.6,5.2,5.9,5.4
Manitoba,Employment (3),Above bachelor's degree,Both sexes,15 to 24 years,0.7,x,0.5,0.5,x,x,x,0.5,0.5,0.6,x,x,x,x,0.7,0.5,0.6,0.8,1.2,0.5,x,x,x,x,x,x,x,x,x,0.5,x,x,x,x,x,x,x,0.5,x,x,x,x,x,x,0.6,x,0.5,0.5,0.6,x,x,0.5,0.7,0.6,0.6,0.6,0.5,x,x,x,x,x,x,0.5,x,0.5,0.8,1,1,1.3,0.9,0.8,0.6,x,x,x,x,x,x,x,x,x,x,x,x,x,x,x,x,0.5,x,x,x,0.5,0.7,0.5,0.5,0.7,0.7,0.5,x,x,x,x,x,x,x,x,0.5,x,0.5,x,x,0.6,1,0.5,0.8,1.1,1.1,1.2,0.8,0.5,x,x,x,x,0.6,1.2,0.9,0.7,0.5,0.9,x,x,x,x,x,x,x,0.5,0.5,x,x,x,x,x,x,x,x,x,x,x,x,x,x,x,x,x,x,x,x,x,x,x,x,x,x,x,x,x,x,x,x,x,x,x,x,x,x,x,x
Saskatchewan,Employment (3),"Total, all education levels",Both sexes,15 to 24 years,74.7,75.3,75.6,76.6,85.5,87.1,95.9,92.3,81.4,81.8,81.8,80.6,76.4,73,74.3,73.2,80.1,83.5,93.1,94.7,78.3,77.2,76.1,73.7,71.4,72.2,73.3,71.9,84.3,87.7,94.5,96.7,82.2,81.3,83.1,81.6,77.2,80.2,80.1,80.1,87.4,92.5,95.1,97.3,78.9,79,77.6,77.9,73.3,74.3,77.3,80.7,87.2,91.7,97.8,97.2,84.7,83.1,82.9,83.4,79.7,80.8,79.7,79.6,89,92.7,98.2,95.1,81,80.8,79.7,78.2,75.9,77,77.8,79.4,90.7,94.6,103,101.5,88.1,88.7,88.5,88.9,86.1,87.3,87.1,86,95.2,95.5,101.3,99,86.8,86.8,87.2,85.8,85,88.3,85.8,88.1,94.5,99.3,102.3,102.3,91,89.8,91.3,90.6,85.5,86.1,83.7,86.3,93.2,97,100.1,98.9,84.3,83.2,83.6,83.3,81.6,82.6,83.4,83.5,92.3,91.7,97.5,95.2,80.7,80.2,81.2,81.7,78.3,79.2,78.5,78.6,89.5,92.3,96.4,94.7,82,84.6,81,85.6,84.4,84.7,82.8,84.1,92,93.4,94.5,96.3,83.3,83.2,82.1,82.6,83.2,84.2,84,83.5,92.4,96.5,103.3,102.7,83.5,84.1,85.3,85.1,80.7,80.3,79.4,79.5,89.8,92,95.5,95.3,85.5,85.8,81.9,83.4,78.1
Saskatchewan,Employment (3),0 to 8  years (12),Both sexes,15 to 24 years,1,1.4,1.9,2.3,2.5,3,2.9,2.6,1.6,1.2,1.2,1.6,1.4,2,1.6,1.7,1.3,1.4,2.1,3.1,1.6,1.2,0.8,0.8,0.9,1,1.1,1.4,1.9,1.7,1.4,1.8,2,1.8,1.5,2,1.4,2,1.7,2,2.4,2,1.7,2.2,1.9,1.7,0.6,0.5,0.7,1.3,1.3,1.3,1.7,2,2.3,1.4,1,1.1,1.4,1.6,1.3,0.7,0.8,1.5,1.5,1.1,1.3,1.5,1.1,0.8,1,0.8,0.8,1,0.8,1.4,1.9,2.2,2.3,2.7,2.3,1.9,2.4,2,2.2,1.7,1.7,2.2,1.7,2.2,2.5,2.2,1.3,1.3,1.2,1.3,1.7,1.8,1.8,2.1,1.9,2.5,2.5,2.4,2.3,1.4,1.2,1.1,0.9,0.8,0.8,1.2,1.2,1.4,1.7,2.1,2,1.7,1.3,1.5,1.9,2,1.5,1.7,2.5,2.3,2.7,2,1.5,1.3,0.9,x,0.5,0.6,1,1.4,2.2,3.1,3.4,3,1.3,1.1,0.7,0.6,1.1,1,1.5,1.4,2.2,2.7,1.8,1.7,1.8,2,1.7,1.4,1.6,1.8,1.5,1.3,2.4,2,2.3,1.8,2.4,1.8,1.3,2,1.7,1.5,0.8,1.3,1.4,1.3,1.4,1.1,0.7,0.6,0.6,1.2,1.5
Saskatchewan,Employment (3),Some high school (13),Both sexes,15 to 24 years,23.3,21.1,21.6,23.2,25.2,24.2,31.9,28.3,24.8,24.1,23.4,23.8,21.4,22.1,22.1,24.7,24.7,24.5,29.9,29,22.8,20.7,20.6,22.2,21.3,22.7,24.3,22.8,24.8,24.6,30.1,28.7,24.1,26.3,25.3,25,22.7,24.4,23.2,23.5,24.8,25.7,27.3,28.6,22.7,20.5,21.6,22,19.7,19.7,21.7,23.7,24,25.6,28.1,29.7,25.8,25,22.1,23.6,22,24.9,26.1,24.5,25.4,26.2,29.8,28.2,23.3,23.9,25.4,22.1,23,24.6,23.6,25.6,26.4,28.2,33.7,31.1,25.3,25.6,24.1,25.2,24.6,25.7,26.2,27.6,29.2,29.4,31.9,29.6,26,26.9,28.1,25.9,25.7,29.5,26.4,27.8,26.8,26.9,29.5,28,24.5,23.6,25.2,26.8,24.9,26.3,24.5,26.6,28.8,26.9,26.5,27.1,21.4,21.3,21.9,23.7,23.7,24.6,25.5,25.3,26.6,24,26.4,25.3,20.9,18.8,19.1,20.6,19.6,20.6,19.9,22,25.6,23.3,25.4,25.3,21,21.2,18.2,20.8,22.4,22.8,22.6,23.4,26.6,24.5,24,26.5,19.8,18.7,19.4,22.1,22.4,21.7,22.1,20.6,21.5,20.9,24.1,24.5,18.5,18.9,18.9,19.4,18.1,19.8,19.8,21.2,22.4,22.9,23.6,24.5,22.2,20.1,19,18.9,20.2
Saskatchewan,Employment (3),High school graduate (14),Both sexes,15 to 24 years,23.8,24.3,23.9,22,22.7,22.2,24.4,24.2,22.2,23.6,23.9,24.4,23.8,20.8,21,19.7,21.3,22.4,24,25.6,23.2,24.7,24.7,22.7,21.1,20.3,20.5,21.3,23.7,25,26.7,29.5,26.4,23.5,23.2,24.1,21.9,23.2,21.7,22.3,24.1,25.7,26.5,25.2,21.8,23.3,23.2,23.7,23,23.4,25.1,26.5,26,26,28.7,27.7,24.5,24.9,25.6,26.3,26.2,23.8,23.4,24.1,24.6,27,26.4,28.7,25.8,24.6,23.9,24.7,23.3,21.9,23.1,24.6,26.4,27.5,30.2,30.8,27.8,27.9,26.9,27,25.5,24.8,24.6,23.2,25.8,25,25.8,26.8,26.4,25,27.1,28.5,27.8,27.5,27.3,26.9,29.7,28.8,29.4,30.2,29.1,29.7,29.2,28.3,25.7,25.3,27,27,27.7,29.5,31.5,32.3,28.3,29.1,29.3,28.3,27.4,27,27.4,26,27.9,26.4,27.7,27,25.3,25.5,27.3,28.3,26.1,24.7,23.8,23.8,24.9,26.3,27.6,26.3,23.2,24.9,26.9,28.5,28.8,29.4,28.2,27.9,29.2,29.8,29.9,28.5,28.4,29,26.8,28.2,26,28.9,27.7,27.1,29.1,30.7,34.5,36.7,28.8,30.3,33.4,33,31.5,28.6,29.3,29.7,32.2,31.5,33.8,34,30.9,29.2,29,30.5,27.2
Saskatchewan,Employment (3),Some postsecondary (15),Both sexes,15 to 24 years,12.6,14.2,13.5,12.8,16.5,18.9,17.5,17.1,14,13.6,15,14,14.7,14,12.9,11.8,15.6,15.6,17.5,17.2,11.7,12.5,12.2,12.2,11.5,12.6,12.5,11.6,16.1,17.6,18.4,19,12.3,11.6,13.9,12,12.1,12.6,13.5,13.8,15.9,19.2,19.4,19.4,13.8,14.5,13.9,14.3,12.8,13.3,12.4,12.5,18.6,19.1,18.6,18.3,14.5,14.4,15,14,12.6,14.9,14.7,14,19.2,19.8,22.2,18.8,13.4,14,13,13.6,12.8,12.9,14.8,13.8,19.5,20,19,18.9,15,15.2,15.1,14.8,14.2,15.6,16.2,15.4,19.6,21.1,21.3,19.6,13.5,13.2,12.6,13.3,11.6,13,13.3,14.6,18.1,21,22.2,22.3,15.6,15.9,17.4,16.8,16.9,16.3,14.8,15.7,18.6,20.3,21.4,19.1,15.6,14.5,14.8,13.1,11.7,12.7,12.9,13.3,16.4,19.6,21.8,20.8,13.7,15.3,14.3,13.7,14.5,14.5,14.8,12.1,17,17.8,17.9,18.5,13.5,14.2,13.3,15.3,13,13.6,11.1,11.9,15.7,15.2,16.9,17.2,13.2,12.4,11.5,10.5,10.5,10.6,10,11.4,17.6,19.6,20.1,18,12.9,12.2,11.3,12.1,11.4,9.7,9.5,8.5,11.3,13.8,14.6,15.2,11.5,13.5,13.2,12.9,12.1
Saskatchewan,Employment (3),Postsecondary certificate or diploma (16),Both sexes,15 to 24 years,11.1,11.2,11.6,13,13.7,14.5,14.5,15.6,15.2,15.7,14.7,14.2,12.8,10.7,12.7,11.7,12,13.5,14.3,15.3,14.3,14,13.9,13,13.4,12.1,11.9,11.4,13.5,13.8,14.3,13.9,12.9,13.7,15.2,14.4,15.4,15.3,16.7,15.5,16,16.9,17.6,18.3,15.5,16.6,15.5,14.9,14.8,13.4,13.5,13.3,12.3,13.1,14,14.7,14.7,13.9,14.7,13.8,13.7,12.4,10.5,11.2,13.4,13.8,13.4,13.4,13.4,14.2,12.4,12.7,12.1,12,10.8,10.2,10.8,10.8,12.3,12.8,13.4,13.2,14,13.9,13.9,12.7,11.2,11.3,12,12.2,14.1,16.1,15.5,16.2,14.2,13.3,14.3,11.5,12.8,12.7,12.8,14.4,12.9,14.3,14.1,14,13.7,12.8,13,13.2,12.3,11.3,12.4,13.8,14.5,14.5,13.3,13.2,12.2,12.2,11.8,12.4,11.7,12.3,13.6,14.5,13.5,14.4,14.1,13.9,13.7,12.9,13.1,13.6,14.4,14.4,13.8,15.1,14.6,15.5,16.9,16.9,15.6,14.1,13.6,12.9,13.3,12.8,12.2,14.3,15.1,15.6,14.2,15.1,15.6,14.7,15.9,15.4,15.9,16.1,15.4,16.7,16,14.6,14.3,15,15.5,14.1,13.5,14.3,14.1,13,14.8,14.3,14.3,14.3,14.3,14.7,14.2,14.3,12.9
Saskatchewan,Employment (3),University degree (17),Both sexes,15 to 24 years,2.8,3.1,3,3.2,5.1,4.2,4.6,4.5,3.6,3.4,3.6,2.6,2.4,3.4,4,3.7,5.3,6,5.3,4.6,4.7,4.1,3.9,2.7,3.2,3.4,3.1,3.4,4.2,5,3.6,3.9,4.4,4.4,4,4,3.8,2.7,3.2,3.1,4.1,3,2.7,3.6,3.3,2.4,2.7,2.4,2.2,3.2,3.2,3.5,4.7,5.9,6.1,5.4,4.2,3.8,4.1,4.1,3.9,4,4.2,4.3,4.9,4.9,5.2,4.4,4,3.4,4,4.4,3.8,4.6,4.7,3.8,5.7,6,5.4,5.2,4.4,5,5.9,5.9,5.7,6.8,7.2,6.3,6.7,5.6,5.7,4.7,4.2,4.3,4,3.5,4,5,4.2,4,5.1,5.8,5.8,5.1,5.4,5.3,4.5,4.8,4,4.1,4.3,4.4,4.5,5,4.4,3.8,3.7,3.5,4.2,4.5,5.1,3.9,4.5,4.7,5.2,5,5.5,5.6,5.1,5.4,5.8,5.8,4.4,5.1,4.6,4.9,6,6.6,7.4,6.1,6.1,6.3,6.2,6.3,5.6,5,6.2,6.9,6.1,6.9,6.8,6.7,5.9,6,7,5.6,6.8,5.8,6.7,7,6.4,6.6,6.3,7.1,6.6,5.9,5,4.4,4.6,6.4,5.8,5.8,7.7,8.2,7.8,6.2,5.8,7.7,5.9,5.5,4.2
Saskatchewan,Employment (3),Bachelor's degree,Both sexes,15 to 24 years,2.6,2.8,2.8,3.1,4.3,3.8,4.3,4.1,3.5,3.3,3.1,2.5,2.3,3.2,3.7,3.4,5,5.7,5.1,4.3,4.5,4,3.7,2.4,2.6,2.8,2.3,2.5,3.5,4.4,3.5,3.9,4,4,3.6,3.9,3.6,2.5,2.7,3,3.9,3,2.5,3.3,2.9,2.2,2.4,2.2,2.1,3,3.2,3.3,4.7,5.5,5.7,5.2,3.9,3.6,3.8,3.9,3.9,4,4.2,4.1,4.6,4.5,4.7,4.2,3.7,2.9,3.6,3.9,3.4,4.2,4.4,3.6,5.3,5.7,4.9,4.9,4.2,4.6,5.5,5.4,5.6,6.6,6.9,6.1,6.3,5.3,5.2,4.2,3.8,4.1,4,3.5,4,4.5,4.2,4,5,5.6,5.6,4.7,4.9,4.8,4.1,4.4,3.8,4.1,4.3,4.4,4.5,5,4.4,3.7,3.3,3.2,3.3,3.5,4.2,3.3,3.8,4,4.7,4.7,5.3,5.5,5,5.3,5.5,5.6,4.3,5,4.4,4.8,5.7,6.4,7,5.8,6,6.2,6.1,5.9,5.4,4.9,6.2,6.8,6.1,6.5,6.4,6.3,5.6,5.7,6.7,5.4,6.5,5.1,6.2,6.5,6,6.2,5.9,6.8,6.2,5.3,4.5,4.4,4.6,6.3,5.5,5.6,6.9,7.7,7.3,5.8,5.6,7.6,5.9,5.3,3.9
Saskatchewan,Employment (3),Above bachelor's degree,Both sexes,15 to 24 years,x,x,x,x,0.8,x,x,x,x,x,0.5,x,x,x,x,x,x,x,x,x,x,x,x,x,0.6,0.6,0.7,0.9,0.7,0.5,x,x,x,x,x,x,x,x,0.5,x,x,x,x,x,x,x,x,x,x,x,x,x,x,x,x,x,x,x,x,x,x,x,x,x,x,x,x,x,x,0.5,0.5,0.5,x,x,x,x,x,x,0.5,x,x,x,0.5,0.5,x,x,x,x,x,x,0.5,0.5,x,x,x,x,x,x,x,x,x,x,x,x,0.5,0.5,x,x,x,x,x,x,x,x,x,x,x,x,0.8,1,0.8,0.6,0.7,0.7,0.5,x,x,x,x,x,x,x,x,x,x,x,x,x,x,x,x,x,x,x,x,x,x,x,x,x,x,x,x,x,x,x,x,0.7,0.5,0.6,x,x,x,x,x,0.6,0.5,x,x,x,x,x,0.8,0.5,0.5,x,x,x,x,x,x
Alberta,Employment (3),"Total, all education levels",Both sexes,15 to 24 years,256.5,261.5,260.5,261.3,284.5,290.7,296.5,296.8,272.7,270.2,272.5,274.8,266.8,265.4,271.3,271,292.5,303.6,314.1,314.1,286.7,279.8,279.4,280.2,272,270.4,270.9,270.7,295.7,312.5,335.7,334.3,282,280.9,282,285.1,271.2,273.5,276.5,281.6,308.2,331.5,344.3,343.4,303.7,300.8,309,296.9,284.6,288,291.4,293.8,307.8,329.1,342.5,343.8,318.6,308.8,311.2,316.9,296.2,299.3,303.3,299.2,334.2,333.6,360.5,350.6,312.7,316.5,317,319.3,302.8,321.7,327.2,317.7,354.4,362.5,376,378.4,331.7,342.5,347,338.5,329.6,335.4,325.1,323.5,352.2,370.2,393.6,386.3,339.3,339.8,338.5,349.7,332.4,339.4,344.3,344.8,357.5,382.3,390.9,391.7,355.8,351.6,343.6,337.4,324.1,326,322.6,320.7,334.2,342.6,355.6,342.9,310.7,309.1,310.5,318.8,302.4,313.1,300.8,310.6,320.7,341.2,350.5,342,297.5,299.6,303.9,306.8,294.4,302.5,303.8,299,322.2,333.1,356.5,364.1,324.2,317.6,314.2,320,306.8,306.3,311.6,310.7,339.1,341.9,361.6,350.6,304.6,307.2,305.8,306.2,309.5,302.1,307.2,303,340.7,343.9,368.5,361.6,317.6,314.5,310.2,310.1,297.7,301.2,296.7,292.9,325.3,337.7,359,352.4,315.4,322.1,321.2,322.7,310
Alberta,Employment (3),0 to 8  years (12),Both sexes,15 to 24 years,4.4,3.5,6.7,5.8,6.4,9.5,9.2,7.8,6.8,5.9,3,2,2.1,2.4,4.7,8.8,8.4,6.8,9.1,6.4,4.6,2.4,1.7,x,x,1.5,3.1,5.2,6.1,5.8,7.2,6.4,5.6,6.9,5.9,3.9,4,5.1,5.4,4.3,5.6,4.7,6.4,5,3.5,3.6,4.6,3.9,5.2,2.6,3.5,4.3,6.1,8.4,8.4,7.9,5.6,4.2,4.9,4.8,4,4.2,6.5,7.1,9.1,9.5,9.8,7.4,5,5.4,4.5,1.8,3.5,3.8,3.1,6,5.8,6.1,8.2,7.6,8,6.9,5.2,5.3,4.6,3.9,4,5.3,5.5,5.6,6,6.6,4.5,5.1,4.5,4.5,3.3,2.2,3.3,4.8,6.9,6.9,8.5,7.1,8,6.9,5.4,5.4,3.5,4.5,3.4,4.2,4.3,4.3,4.8,4.8,4.6,3.9,2.1,2.5,3.7,3,3.3,6.5,8.5,9,7.5,8.4,5.5,3.5,2.4,x,x,2.7,2.8,4.2,6.4,5.5,6.5,7.2,5.9,4.8,3.9,4.2,4,4.2,3.3,2.8,3.7,5.9,6.8,6.9,6.2,7.5,6.5,3.8,4.6,3.9,5.3,4.6,8,7.9,8.4,7.6,3.5,3.4,2.1,x,1.6,2.7,5.2,3.6,5.9,6.3,6.5,6,4.3,4,4.1,3.9,5.1
Alberta,Employment (3),Some high school (13),Both sexes,15 to 24 years,79.2,81.1,77.9,78,81.4,77.4,80.5,80.7,77.2,77,77.2,83.4,81.9,84.2,81.7,79.3,78.6,78.5,86.9,87.2,75.5,75.7,78.5,83,81,79.5,77.8,78.1,78.4,80.1,98.9,101.1,80.3,76.6,81,85.4,83.7,85,92.8,91.1,94.2,103.5,107.2,100.9,87.4,85.4,86.9,79,78.6,79.7,84.4,90,94.3,95.6,99.4,100.4,86.8,85.6,89.4,95.4,87.2,84.5,86,85.5,84.9,85.8,99.8,92.5,77.7,83.3,86,91.2,85.6,99.7,98.7,97.1,107.2,109.5,108.1,112.7,98.2,95.4,92.9,87.9,91.1,92.4,89.9,90.7,94.5,101.9,116.6,113,88.9,90.8,86.5,94.9,95.2,100.3,108.7,107.6,101.2,107.2,101.9,100.4,91.8,90.5,92,87.5,86.6,85.9,84.8,83,83.4,88.5,89.1,83.1,76.4,72.5,75.2,81.9,72.6,78.6,77.7,84,81.5,77.3,84.9,79.8,73.1,77.3,76.9,81.3,78,79.1,82.6,76.8,75.5,74,84.8,87.3,72.7,75.4,71.4,71.8,69.2,64.5,74.5,80.5,83.6,86.3,86.3,84.2,73,70.5,69.7,71,74.1,68.5,65.7,68.1,75,75.6,86.9,83,66.5,71.9,71.5,78.3,72,72.3,72.3,69.3,70.5,71.4,81.1,86,70.6,72.2,71.4,74.1,75.3
Alberta,Employment (3),High school graduate (14),Both sexes,15 to 24 years,75.7,72.3,74,78.1,83.3,85.2,82,83.9,78.8,80.2,77.2,74.3,66.8,61.1,67.5,64.9,76.5,81.6,83.5,87,83.9,80.2,83.2,79.9,71.9,73.3,75,72.9,76.7,85.8,94.6,94,82.4,75.1,82.7,79.7,70.6,72.6,73.9,75,78.6,83,89.7,93.4,92.1,88.9,88.9,83.9,78.3,78.1,78.6,81.9,82.1,85,96.4,97,96.7,95,98.4,97.1,89.1,87,85.6,84.8,91.8,94.2,111,116,105.7,103,108.3,105.5,96.2,94.6,99.4,95.8,107.2,101.3,118.6,120.6,103,108.6,113,110.4,105.5,104.7,95.3,96.4,100.9,96.8,103.4,108.1,108.3,107.1,109.7,111.7,106.2,105.7,100.8,93.9,101.4,106.9,118.1,118.8,112.9,111.6,109.8,97.1,91.9,97.8,99.7,97,101.3,107.8,118.7,114.5,102,107.9,107.2,99.9,95.2,97.4,98.2,96.3,100.7,116.4,116.4,115.1,99,105.7,105.6,97.4,96.7,98.1,98.4,100.7,103.1,112,125.3,133.9,123.3,118,118,122.3,114.7,109.7,111.2,105.8,109.5,106.5,118.9,123.1,111,109,112.3,111.4,109.5,115.7,124.1,124.7,133.2,124.4,126.9,126.9,112.4,100.8,106.2,108.1,110.5,112.1,113.1,111.1,119,117.2,129.7,117.9,114.7,119.6,118.1,120.2,108.3
Alberta,Employment (3),Some postsecondary (15),Both sexes,15 to 24 years,44.7,48.6,48,45.7,57.8,56.5,63.1,64.2,51,49.9,54.6,57.9,59.9,58.4,54.5,56.8,65.7,66,64.1,65.8,54.4,55,54.5,56.7,58.2,55.7,55.5,51.7,68,70.3,67.5,64.3,51.1,52.6,45.8,48.3,43.9,48.5,45.6,49.6,67.7,72.2,77.2,76.6,58.9,58.3,66.8,69.2,66,69.7,69.8,61.8,64.5,75.4,76,72.2,61.2,60.9,63.4,64.4,57.6,58.9,59.5,52.9,71.1,65.6,63.2,56.6,46.9,52.4,47.6,48.5,47,49.1,48.9,41.9,53.9,61.7,59.6,56.9,47.2,59.3,64.5,59.2,59.4,60.7,64.4,61.5,71,79,79.3,74.8,55.4,56.4,58.5,58.2,53.2,54.9,56.6,57.7,62.1,71.7,77.1,78.1,59.3,59,60.2,63.4,60.7,65.2,62.3,62.8,61.9,58.9,61.2,60.4,48.3,46.7,52.5,61.3,60.6,56.2,48.4,51.6,60,65.1,63.2,62.8,48.3,41.9,45.2,49.2,49.6,50.7,46.1,45.6,55.7,59.8,62,54,46.2,45.5,52.2,55.8,51.1,49.3,45.6,46.3,63.2,59,63.6,57.2,39.9,39.9,39.3,43.7,48.2,43.3,41.3,41.8,52.4,55.1,58.5,55.7,49.3,54.2,52.3,47.9,42.8,43.6,37,38.8,51.1,56.1,53.6,51.2,34.4,37.4,38.6,31.9,37.1
Alberta,Employment (3),Postsecondary certificate or diploma (16),Both sexes,15 to 24 years,41.2,42.1,39.1,40.9,42.2,47.1,45.6,47.3,48.3,45,49.4,45.8,44.8,48.8,49.8,50.6,53.2,59.4,57.4,55.4,53.7,53.5,49.3,47.4,48.3,45.7,46.3,45,47.2,49.4,43.6,45.7,45.7,49.9,50.7,52.4,54.6,50.1,47.2,46.6,46.8,50.5,48,49.4,44.5,49.3,48.3,46.6,44.1,43.5,44,44.1,46,50.4,46.7,53.1,54.5,51.4,42.8,41.7,42.6,47.4,48.1,49.3,56.6,58.5,58.3,59.3,58.2,54.5,49.8,47.2,45,46.9,47,48.4,53.9,57,55.2,55.9,54.1,56,54,54.4,52.1,54.9,55.6,52.6,61,66.5,67.1,60.6,61.9,59.7,60.1,60.9,54,53.8,54.8,56.9,60.7,65.1,63.8,62.6,62.6,60.9,56.6,62.8,60.2,52.8,53.8,54.6,62.7,60.2,60.8,58.2,58.4,60.7,59.7,55.9,52.9,55.1,53.8,52.3,49.4,50.3,56.5,55.5,52.1,52.6,51.6,54.2,45.1,48.7,47.4,47.4,56.2,55.6,55.9,56.2,55.9,53.1,46.7,47.2,49.9,54.2,53.1,51.5,56.4,55.5,59.4,62.1,56.1,60.5,59.4,55.2,50.8,50.4,51.6,46.9,52.1,58.1,59.7,61,61.9,61,54.6,48.7,45.7,44,44.9,49.2,57,61.8,61.1,63.8,63.4,60.1,59.7,65.1,59.3
Alberta,Employment (3),University degree (17),Both sexes,15 to 24 years,11.4,13.9,14.9,12.8,13.4,15,16.1,12.8,10.8,12.1,11.2,11.5,11.4,10.4,13,10.7,10.1,11.3,13.2,12.3,14.5,13,12.2,12,11.5,14.6,13.2,17.8,19.4,21.1,24,22.9,16.9,19.9,15.9,15.4,14.4,12.2,11.6,14.9,15.3,17.7,15.6,18.1,17.1,15.4,13.4,14.4,12.5,14.3,11,11.7,14.8,14.2,15.6,13.1,13.9,11.7,12.3,13.5,15.7,17.2,17.5,19.7,20.6,20,18.3,18.9,19.2,18,20.8,25,25.5,27.6,30.1,28.6,26.3,26.9,26.4,24.6,21.2,16.3,17.4,21.3,17,18.8,15.8,17.1,19.3,20.3,21.2,23.3,20.3,20.7,19.3,19.5,20.5,22.6,20.1,23.8,25.4,24.5,21.6,24.7,21.2,22.7,19.7,21.2,21.3,19.8,18.6,19.1,20.5,23,21,21.9,21,17.4,13.9,17.3,17.4,22.8,19.3,19.9,20.6,23.2,22.1,20.4,19.5,18.6,22.2,23.6,23.8,23.3,26.4,24.2,25.4,26.1,22,25.5,20.3,20.7,21.8,18.8,17.9,24.3,23.9,23.8,22.7,28.8,26.6,17,18.4,19.9,18.5,21,22.3,20.3,19.2,17,20,22.8,28.1,27.4,24,23.3,23.6,26,25.2,26.6,24.1,20.8,21.7,25,26.9,27.5,27.9,28.7,29.3,27.5,24.9
Alberta,Employment (3),Bachelor's degree,Both sexes,15 to 24 years,9.9,12,13.6,11.9,12.9,13.7,15.6,12.6,10.8,11.6,10.7,9.7,8.9,8.7,10.9,8.8,8.7,10.7,13.1,11.7,13.9,12.1,11,10.4,10,12.8,11.7,16.3,17.9,20.1,22.8,21.7,16.1,18.9,14.7,14.1,13.7,11.9,11.2,14.1,14.2,15.6,13.9,15.5,15.3,13.7,11.8,12.3,11.5,13.1,10.1,11.5,14.4,13.9,14.7,12.4,13.3,10.6,11.2,12.5,14.3,15.5,15.7,17.4,18.3,18.7,17.2,17.6,17.5,16.2,19.6,23.1,23.4,25.9,28,26.8,25.1,26.3,25.6,22.6,20.4,14.6,15.7,19.6,16,17.3,14.8,15.3,17.1,17.8,18.2,20.8,17.9,17.4,17.6,18.1,20,22.1,20.1,23.3,24.2,23.1,20.5,23.6,20,21.5,19.4,20.9,20.6,18.5,17.2,17.9,17.5,21.3,20.3,21.4,20,16.6,13.9,17.2,16.6,21.6,18,18.5,19.2,21.5,20.8,19.7,18.9,17.7,20.3,21.6,20.5,18.9,22.7,21.1,22.6,23.4,20,23.8,19.4,18.9,20.3,17.4,16.5,21.6,20.1,19.4,20.4,26.8,23.7,15.1,17.8,19.7,18.2,19.9,21.1,20.1,18.4,16.2,19,22.2,25.8,24.7,21.4,20.7,21.1,24.1,24.2,24.8,22.8,19.5,19.4,23.3,24.1,24.7,25.3,27.6,27.3,24.4,22
Alberta,Employment (3),Above bachelor's degree,Both sexes,15 to 24 years,1.5,1.8,x,x,x,x,x,x,x,x,x,1.8,2.4,1.7,2.1,1.9,x,x,x,x,x,x,x,1.6,1.5,1.8,1.5,1.5,1.5,x,x,x,x,x,x,x,x,x,x,x,x,2,1.7,2.5,1.8,1.6,1.6,2.1,x,x,x,x,x,x,x,x,x,x,x,x,x,1.7,1.8,2.3,2.4,x,x,x,1.7,1.7,x,1.9,2.1,1.7,2.1,1.8,x,x,x,2,x,1.7,1.7,1.6,x,x,x,1.8,2.2,2.6,3,2.5,2.4,3.2,1.7,x,x,x,x,x,x,x,x,x,x,x,x,x,x,x,x,x,3,1.7,x,x,x,x,x,x,x,x,x,x,x,1.7,x,x,x,x,1.9,2,3.3,4.4,3.7,3.2,2.7,2.7,2,1.7,x,1.9,1.6,x,1.5,2.7,3.8,4.4,2.3,2,2.9,1.9,x,x,x,x,x,x,x,x,x,x,2.3,2.7,2.6,2.6,2.4,2,x,1.8,x,x,2.4,1.7,2.9,2.7,2.6,x,2,3.1,2.9
British Columbia,Employment (3),"Total, all education levels",Both sexes,15 to 24 years,262,264.8,263,264.2,287.6,297.4,306.6,309,272.4,270.1,265.2,276.6,259.6,265.6,269.4,272.5,293.3,292.7,311.7,306,269.6,268.3,263.3,266.8,266.8,266,268.1,276.8,285,305.3,324.6,335.6,301,283.8,282.7,289.8,272.9,276.5,285.2,284.5,292.9,304.1,320.6,324,283.8,293.9,290.5,299.1,280.7,272.9,279.2,276.9,299,316.9,331.6,325.5,289.3,297.2,302.4,309.5,286.1,294.8,293.5,293.4,327.3,339.8,361.2,358.3,320,332,333.4,335.3,313.6,323.7,326.6,327.2,341.2,352.1,369.8,367.2,324.7,332.7,329.9,333.1,320.9,326.5,329.8,322.1,354.3,367.3,385.4,391.7,346.3,346.8,353.9,350,333.9,340.3,347.6,344.7,350.6,365.2,381.1,384.8,337.7,334,330.4,327.1,308.9,297.3,301,306.6,324.3,338.4,351.4,345.9,301.6,297.4,303.1,300.8,297.3,298.9,300.5,294.9,306.7,322.7,343.8,342.6,299.4,303.3,313,306.2,293.2,292.6,291,293.3,317.4,318.8,337.6,330.3,306.2,306.1,303.3,302.4,289.9,280.8,287.3,299.3,307.4,315.5,335.6,341.7,303.5,297,300.7,291.1,278.4,286.9,289,290.9,311,328.7,341.1,338.5,319.8,305,293.2,301.8,292.9,299.4,307.1,305.2,328.4,338.1,350.8,335.9,311.4,308.6,309.1,312.1,295.9
British Columbia,Employment (3),0 to 8  years (12),Both sexes,15 to 24 years,x,2,2.9,4,5.6,5.1,4.9,5.6,5,2.4,x,x,x,x,2,2.7,5.8,4.3,6.7,5.5,4.4,1.9,x,1.6,2.7,2,x,1.9,4.4,3.6,4.2,6.3,4.2,3.3,2,1.8,x,x,x,1.5,2.8,2.1,3.2,3.9,4.4,3.4,2,2,1.5,2.6,2,2.4,3.2,4.3,4,4.5,3.2,2.8,x,2.1,1.7,3.1,2.8,3.1,3.1,2.6,3.4,2.5,1.9,2.4,2.6,3.2,1.9,2,2.8,2.7,4.8,3.7,7.4,6.5,3.4,3.2,2.1,2.8,1.9,2.6,2.8,3.6,4.4,4.6,7.4,5.3,4.3,3.8,2.7,2,1.7,2.5,2.2,3.1,1.9,3,3.6,4.7,3.4,2.6,2.3,1.7,x,1.9,x,3.3,4,5,4.2,3.4,2.4,x,1.5,2.1,1.8,1.6,2.1,3.1,1.8,1.7,3.8,2.3,2.5,1.6,x,1.5,x,2.5,3.8,3.6,1.7,1.7,2.5,2.1,2.4,2.4,2.8,2,2.5,2.8,3.7,4.2,4.9,4.7,4.7,5.6,3.1,1.7,1.9,1.8,2.6,x,3,2.3,3.2,3.4,4.5,4.1,3.3,2.8,x,x,x,x,x,1.5,2.4,2.1,2.6,2.8,1.7,2,x,x,x
British Columbia,Employment (3),Some high school (13),Both sexes,15 to 24 years,67.3,65,64.2,65.9,73.3,82.4,83.9,89.7,71.2,69.2,63.9,72.8,60.5,63.2,69.2,73.5,75.6,67.7,77.5,77,64.2,65.1,71.1,69,65,65.4,64.9,69.6,73.9,77.8,89.1,89.6,74.4,67.5,67.7,76.4,70.7,64.2,65.3,67.9,62.1,64.5,72.4,73.4,60.5,65.1,68.1,69.9,65.3,60.6,57.1,57.9,62,72,81.3,85,71,67.6,64.4,64.7,57.1,64.2,66.7,76,81.7,80.4,102.3,96.8,83.4,89,91.9,94.4,78,87.3,87.3,86.4,80.8,80.6,87.1,88,72.8,79.6,71.9,73.5,78.2,76,80.8,86,93.2,91.1,97.5,103.6,80.3,81.9,85.3,88,85.3,85.6,93.8,94.4,91.7,95,99,106.2,88.4,80.1,81.8,81.2,77.8,68.9,71.4,76.9,74.3,65.3,77,75.4,61.7,58.8,62.3,64.4,68.1,72.4,72.7,71,74.1,70.5,76.2,79.2,57.5,55.8,59.9,65.5,61.3,54.9,53.8,57.9,59.3,59.8,69.5,67.8,60.5,53.6,56.9,61.2,56,57.4,58.4,62.4,59.2,59.1,64.6,63.5,55.2,49.7,48.4,45.6,44.2,48.4,51.1,52.4,58.1,58.1,55.1,62.9,53.6,48.4,43.9,53.8,55,56.8,60.3,53,54.8,58.1,60.1,52.2,46.1,52.1,56.6,54.1,54.5
British Columbia,Employment (3),High school graduate (14),Both sexes,15 to 24 years,78.3,78,73.9,74,73.6,70.3,81,76.9,68.2,74.6,74.6,75.2,66.3,65.6,64.7,65.1,67.6,69.2,78.7,82.4,76.2,78.8,76,81.4,82.2,82.7,89,84,80.4,86.1,93.6,91.7,85.4,84.8,80.9,78.7,72.9,79.9,79.5,81.3,77.7,78.6,87.1,86.9,82.5,89.5,85.3,87.9,77.1,78.3,84.9,82.5,82.5,85.6,91.3,92.9,89.8,94.8,100.3,111.5,99,95.7,93.1,92.3,104,105.1,105.4,102.2,94.8,106.9,102.9,103.6,90.6,94.5,94.4,96.8,100.1,106.8,119.9,121.2,113.7,118.7,117.9,109,105.3,106.2,107.6,99.1,106.5,114.4,127.5,123.4,117.5,126.6,120.7,116.7,108.6,101.4,103.9,91.9,95,107.6,111.3,112.5,103.8,101.3,98.3,92.1,85.1,76.1,76.2,81.3,89.3,97.6,96.9,100.2,97.4,98.1,98.7,97.4,100.4,97.3,99.8,88.8,85.1,88.9,91.7,94.9,86.2,85.8,87.3,80.8,78.4,75.9,73.5,76.8,90.2,92,99.8,102.1,89.6,90.6,90.4,92,85.5,79.3,81.4,84.6,84.5,88,102,105.7,96.3,96.5,97.8,95,90,83.2,85.7,88.4,82.3,98.9,111.8,108.2,104.9,104.4,106.2,98.8,96.3,91.9,95.3,96.4,105,111.4,114.1,115.2,103.1,107.5,98.2,105.1,102.3
British Columbia,Employment (3),Some postsecondary (15),Both sexes,15 to 24 years,57.3,67.3,67.1,67.1,80.2,81.6,80.6,74.7,69.5,67.4,68.3,67.8,74.9,79.1,77.4,70.2,74,79.7,79.5,75.4,63.8,67.9,58,63.1,64.7,64.1,65.9,71.3,73,78.6,81.1,84,74.4,64.2,67.2,66.9,70.7,76.1,81.2,77.1,81.8,91,87.8,85.8,74.5,80.5,78,83.7,82.9,81.4,81.3,73.9,85.4,89,84.5,76.5,65.3,67.6,67.3,67.9,68.4,69.6,68.2,67.8,76.7,88.6,79.5,83.8,77.5,72.5,73.1,75.1,79.1,74.3,71.2,71.1,78.5,74.9,70.6,66,54.6,53,60.4,70.2,64.3,66.1,63.4,64.9,79.4,84.9,79.5,85.9,72.8,66.5,72.3,73.1,69.1,81,80.4,80.8,83.9,79.6,83.2,78.9,61.4,72.9,73.8,80.1,80.9,82.2,84.7,75.6,85.2,97.6,96.6,90.4,69.5,70.2,76,73.3,65.2,67.7,69,70.7,71.4,87.5,98.7,90.8,76.5,84.8,89.9,91.1,82,85.4,87.7,80.6,88.6,88.8,83.3,74.4,72,76.8,75.7,74.4,75.8,77.9,78.1,72.5,78.7,78.7,79.2,80.4,68.5,72.6,75,70.9,67.2,73,73.1,72.9,84.1,87,88.2,86.2,70.9,72.4,67.3,78.6,72,71.5,67.3,68.4,74.4,72.6,76.1,76.4,69.4,67,65.4,66.5,58.3
British Columbia,Employment (3),Postsecondary certificate or diploma (16),Both sexes,15 to 24 years,41.4,36.9,39.5,35.8,37.5,40.7,37.5,42.4,42.4,39.9,41.6,45.3,42.8,43.6,43.7,48.4,53.9,54.8,53.7,53.4,45.7,41.3,47.1,43.2,43.1,41.8,39.8,42.8,44.3,48.6,46.7,50.7,45.9,45.5,45.5,47.4,40.9,39.6,39.2,41.3,49.8,47.4,52,54,44.5,38.9,38.7,40,38.1,34.8,38.9,41.7,45.6,44.4,47.2,43.2,38.1,41.9,42.8,40.8,44.2,47,45.8,38.9,44.4,46,48.6,50.3,40.3,43.1,46.9,43.7,44.2,45.8,47.4,46.3,52.9,57.1,58.1,61.1,59.1,57.5,57.9,55.9,51.7,53.8,54.3,49.3,51.4,50.9,53.8,53.2,50.7,49.5,50.6,47.1,45.7,43.6,45.1,50.3,54.8,55.3,59.2,56.4,55.6,55.6,55.6,52.7,45.1,51.1,46.6,43.9,45.8,48.9,53.2,51.8,50.7,47.9,41.3,42.1,40.6,37.5,34.9,41.9,51.9,45.4,45.5,50.3,49.6,45.4,47.9,43.3,47.7,50.9,44.4,51.2,53.6,55.6,60,63,66.2,64.3,59.5,54.5,54,49.7,47.5,49.6,50.1,53.1,53.9,53.6,53.6,50.3,53.4,51.5,47.6,51.5,48.6,47.6,51.6,51,55.5,51.7,55.8,52.7,50.3,52.7,47.4,54.8,54.5,51.8,59.3,59.3,59.5,50.2,51.9,50.3,55.9,56.3,50.7
British Columbia,Employment (3),University degree (17),Both sexes,15 to 24 years,16.8,15.5,15.3,17.4,17.5,17.2,18.7,19.6,16.1,16.6,15.5,14.7,14.6,13.3,12.4,12.6,16.3,16.9,15.5,12.3,15.3,13.2,10,8.6,9.1,10,7.1,7.2,9,10.5,10,13.4,16.7,18.5,19.5,18.6,16.7,15.5,18.8,15.5,18.7,20.5,18.1,19.9,17.4,16.5,18.5,15.6,15.8,15.2,15.1,18.6,20.2,21.6,23.2,23.4,21.8,22.4,26.2,22.5,15.6,15.4,17,15.3,17.5,17.2,22.1,22.6,22.2,18.1,16,15.3,19.8,19.7,23.4,23.9,23.9,29,26.8,24.4,21.1,20.8,19.6,21.7,19.5,21.7,20.9,19.3,19.4,21.5,19.7,20.3,20.6,18.6,22.3,23,23.6,26.3,22.1,24.1,23.4,24.7,25,26.1,25.2,21.5,18.7,19.3,19.3,17.2,20.8,25.6,25.7,24.1,23.5,24.7,19.8,21.1,23.3,21.6,21.2,22.4,22.2,19.4,22.4,28.6,27.8,25,27.1,29.9,26.7,24.1,22.8,23,27.7,23.3,24.1,20.9,22.6,20.9,15.5,18.4,18,18.4,16,13.8,18.3,26,29.9,32,31.2,33.1,26.8,26.2,24.2,26.3,26.7,29.5,27.5,27.3,31.8,30.3,26,25.4,31.2,24.3,24.6,17.6,22.2,24.3,29.5,34,32.4,34.7,38.4,39.1,39.2,29.7,31.7,28.9,28.9
British Columbia,Employment (3),Bachelor's degree,Both sexes,15 to 24 years,16.5,15.2,14.8,16.8,15.8,14.8,15.9,17.5,13.8,14.4,14.7,13.9,13.5,12,10.7,10.6,12.8,15,13.9,11.3,12.6,11.9,8.2,7.9,8.7,9.4,6.8,7.1,8.9,10.1,9.5,12.5,16,18.2,19.5,17.9,15.6,14.4,16.7,13.3,17.3,18.5,16.4,17.5,16.7,14.7,16.8,14.4,14.8,13,13.2,17.3,19.6,21.6,23.2,23.4,21.1,21.7,25.5,20.8,14.6,14.9,16.4,14.2,16.7,16.7,21.6,22.3,22,17.8,15.9,14.8,18.8,18.8,20.6,20.8,21.3,26.7,24.5,22.7,20,19.2,17.6,20.3,18.7,21.3,19.4,18.8,17.6,18.5,16.6,16.9,17.5,17.3,19.9,21.5,21.8,24.6,19.8,22,22.5,23.4,24.3,23.3,22.1,20.4,17.4,17.4,17.3,17.2,18.4,23.7,22.9,21.3,20.9,23.8,19.4,20.2,21.8,18.8,20,20.4,20.2,17.4,20.7,25.4,25.9,23,24.8,27.8,25.2,23,21,21.6,26.4,22,21.4,19.1,22.4,20,14.9,17.5,17,17.5,15.3,13.3,17.1,24.2,29.3,31.3,30.1,31,25,24,22.4,23.2,24.2,26.4,25.2,24.3,28.1,28.2,24.8,24,30.2,22.7,22.9,15.9,20.2,22.2,27,30.8,28.4,32,35.2,36.7,37.2,28.3,30.7,28,26.5
British Columbia,Employment (3),Above bachelor's degree,Both sexes,15 to 24 years,x,x,x,x,1.8,2.4,2.9,2.2,2.3,2.2,x,x,x,x,1.7,2,3.5,1.9,1.6,x,2.6,x,1.8,x,x,x,x,x,x,x,x,x,x,x,x,x,x,x,2.1,2.2,x,2,1.7,2.5,x,1.8,1.7,x,x,2.2,1.9,x,x,x,x,x,x,x,x,1.6,x,x,x,x,x,x,x,x,x,x,x,x,x,x,2.9,3.1,2.6,2.3,2.3,1.7,x,1.6,2,1.5,x,x,1.5,x,1.9,3,3.1,3.3,3.1,x,2.4,1.5,1.9,1.7,2.3,2,x,x,x,2.9,3.1,x,x,2,1.9,x,2.4,1.9,2.8,2.7,2.6,x,x,x,1.5,2.8,x,2,2,2,1.7,3.2,1.9,2,2.4,2,1.5,x,1.8,x,x,x,2.7,1.8,x,x,x,x,x,x,x,x,x,1.8,x,x,x,2.1,1.8,2.2,1.8,3.1,2.6,3.1,2.3,3,3.7,2.1,x,x,x,1.6,1.7,1.7,1.9,2.2,2.5,3.2,4,2.6,3.2,2.4,2,1.5,x,x,2.4
